doc_id,file_name,strategy,chunk_number,chunk_id,length_chars,content
hoc_bong_diem_ren_luyen,hoc_bong_diem_ren_luyen.md,fixed_size,Chunk 1,hoc_bong_diem_ren_luyen::fixed_size::chunk_0,200,"
* Học bổng khuyến khích học tập

+ Định mức học bổng KKHT:

- Sẽ được quy định và thông báo vào đầu mỗi năm học khi có định mức học phí của năm học đó.

+ Tiêu chí xét

- Sinh viên trong thời hạn đào"
hoc_bong_diem_ren_luyen,hoc_bong_diem_ren_luyen.md,fixed_size,Chunk 2,hoc_bong_diem_ren_luyen::fixed_size::chunk_1,200," tạo chuẩn có kết quả học tập, rèn luyện đạt từ loại khá trở lên và
  không bị kỷ luật từ mức khiển trách trở lên trong kỳ xét cấp học bổng;
- Tại học kỳ xét học bổng, sinh viên được xét cấp học bổng "
hoc_bong_diem_ren_luyen,hoc_bong_diem_ren_luyen.md,fixed_size,Chunk 3,hoc_bong_diem_ren_luyen::fixed_size::chunk_2,200,"phải hoàn thành ít nhất 15 tín chỉ.
  Trường hợp đặc biệt do Hiệu trưởng đơn vị đào tạo quy định dựa trên đề xuất của Hội đồng: [cụ
  thể nếu số tín chỉ ít hơn 15: chỉ xem xét với các sinh viên là năm"
hoc_bong_diem_ren_luyen,hoc_bong_diem_ren_luyen.md,fixed_size,Chunk 4,hoc_bong_diem_ren_luyen::fixed_size::chunk_3,200," cuối, không còn học phần nào
  để học và với sinh viên năm nhất, học kỳ đầu tiên được nhà trường đăng kí môn học (nếu có)]

+ Mức học bổng

- Với sinh viên hệ chuẩn có 3 mức học bổng: Xuất sắc, Giỏi,"
hoc_bong_diem_ren_luyen,hoc_bong_diem_ren_luyen.md,fixed_size,Chunk 5,hoc_bong_diem_ren_luyen::fixed_size::chunk_4,200," Khá
- Với sinh viên CLC TT23 có 2 mức học bổng: Xuất sắc, Giỏi
- Với sinh viên ĐMKTKT có 2 mức học bổng: Xuất sắc, Giỏi

+ Nguyên tắc xét

- Nguồn học bổng KKHT được trích bằng 8% nguồn thu học phí t"
hoc_bong_diem_ren_luyen,hoc_bong_diem_ren_luyen.md,fixed_size,Chunk 6,hoc_bong_diem_ren_luyen::fixed_size::chunk_5,200,"heo Ngành học và Khóa học;
- Xét theo ngành học, khóa học, từ cao xuống thấp, đến khi hết kinh phí thì dừng.

* Học bổng ngoài ngân sách

+ Hàng năm sẽ có khoảng trên dưới 30 loại học bổng từ các cá n"
hoc_bong_diem_ren_luyen,hoc_bong_diem_ren_luyen.md,fixed_size,Chunk 7,hoc_bong_diem_ren_luyen::fixed_size::chunk_6,200,"hân, tổ chức và doanh nghiệp trao cho
  các đối tượng khác nhau. Sinh viên theo dõi thông báo trên Website của nhà trường để biết và nộp hồ
  sơ.
+ Học bổng từ ĐHQGHN: [https://www.vnu.edu.vn/ttsk/?C2"
hoc_bong_diem_ren_luyen,hoc_bong_diem_ren_luyen.md,fixed_size,Chunk 8,hoc_bong_diem_ren_luyen::fixed_size::chunk_7,200,"649/N28168/dHQGHN-co-hon-600-suat-hoc-bong-ngoai-ngan-sach-nam-hoc-2021-2022.htm](https://www.vnu.edu.vn/ttsk/?C2649/N28168/dHQGHN-co-hon-600-suat-hoc-bong-ngoai-ngan-sach-nam-hoc-2021-2022.html)

* Đ"
hoc_bong_diem_ren_luyen,hoc_bong_diem_ren_luyen.md,fixed_size,Chunk 9,hoc_bong_diem_ren_luyen::fixed_size::chunk_8,200,"ánh giá điểm rèn luyện

+ Điểm rèn luyện được đánh giá bằng thang điểm 100 cho từng học kỳ, bằng tổng điểm đạt được của 5 nội
  dung; đối với mỗi nội dung có thể được cộng (thưởng) điểm và trừ (phạt) "
hoc_bong_diem_ren_luyen,hoc_bong_diem_ren_luyen.md,fixed_size,Chunk 10,hoc_bong_diem_ren_luyen::fixed_size::chunk_9,200,"điểm, nhưng tổng số điểm mỗi
  nội dung đánh giá không vượt quá điểm tối đa của nội
  dung đánh giá tương ứng, tối thiểu là 0 điểm; không cho điểm lẻ.
+ Có mức điểm chuẩn chung về từng nội dung cho si"
hoc_bong_diem_ren_luyen,hoc_bong_diem_ren_luyen.md,fixed_size,Chunk 11,hoc_bong_diem_ren_luyen::fixed_size::chunk_10,200,"nh viên không vi phạm nội quy, quy chế và quy định
  của Bộ GD&ĐT, ĐHQGHN, Trường Đại học Công nghệ và nơi cư trú (thường trú, tạm trú). Tổng của 5 mức
  điểm chuẩn này là 70 điểm. Sau đó sẽ cộng (thư"
hoc_bong_diem_ren_luyen,hoc_bong_diem_ren_luyen.md,fixed_size,Chunk 12,hoc_bong_diem_ren_luyen::fixed_size::chunk_11,200,"ởng) điểm,
  trừ (phạt) điểm chi tiết trong mỗi nội dung.
+ Không đánh giá kết quả rèn luyện trong thời gian sinh viên nghỉ học có thời hạn vì lý do cá nhân
  (sức khỏe yếu, hoàn cảnh gia đình khó khă"
hoc_bong_diem_ren_luyen,hoc_bong_diem_ren_luyen.md,fixed_size,Chunk 13,hoc_bong_diem_ren_luyen::fixed_size::chunk_12,200,"n, …) và sau đó được nhà trường xem xét cho học tiếp.
+ Điểm rèn luyện của học kỳ là tổng điểm đạt được của 5 nội dung đánh giá chi tiết trong phiếu; Điểm
  rèn luyện của năm học là trung bình cộng củ"
hoc_bong_diem_ren_luyen,hoc_bong_diem_ren_luyen.md,fixed_size,Chunk 14,hoc_bong_diem_ren_luyen::fixed_size::chunk_13,200,"a điểm rèn luyện các học kỳ của năm học đó.
+ Điểm rèn luyện toàn khóa học là trung bình cộng của điểm rèn luyện các học kỳ của khóa học.
+ Phân loại kết quả rèn luyện: Kết quả rèn luyện được phân thà"
hoc_bong_diem_ren_luyen,hoc_bong_diem_ren_luyen.md,fixed_size,Chunk 15,hoc_bong_diem_ren_luyen::fixed_size::chunk_14,200,"nh các loại: xuất sắc (Từ 90 đến 100
  điểm), tốt (Từ 80 đến 89 điểm), khá (Từ 65 đến 79 điểm), trung bình (Từ 50 đến 64 điểm), yếu (Từ 35
  đến 49 điểm) và kém (Dưới 35 điểm).
+ Một số điểm cần lưu ý"
hoc_bong_diem_ren_luyen,hoc_bong_diem_ren_luyen.md,fixed_size,Chunk 16,hoc_bong_diem_ren_luyen::fixed_size::chunk_15,200,":

- Nếu sinh viên bị kỷ luật ở mức khiển trách thì kết quả rèn luyện không vượt quá loại khá. Sinh
  viên bị kỷ luật ở mức cảnh cáo thì kết quả rèn luyện không được vượt quá loại trung bình.
- Sinh v"
hoc_bong_diem_ren_luyen,hoc_bong_diem_ren_luyen.md,fixed_size,Chunk 17,hoc_bong_diem_ren_luyen::fixed_size::chunk_16,200,"iên bị kỷ luật ở mức đình chỉ học tập không được đánh giá rèn luyện trong thời gian bị
  đình chỉ. Đối với những trường hợp này tại thời điểm đã vi phạm kỷ luật nhưng chưa thi hành
  Quyết định kỷ luậ"
hoc_bong_diem_ren_luyen,hoc_bong_diem_ren_luyen.md,fixed_size,Chunk 18,hoc_bong_diem_ren_luyen::fixed_size::chunk_17,200,"t, thì điểm rèn luyện do Hội
  đồng cấp đơn vị quyết định nhưng không vượt quá loại yếu.
- Sinh viên bị kỷ luật ở mức buộc thôi học không được đánh giá kết quả rèn luyện.
- Sinh viên hoàn thành chương"
hoc_bong_diem_ren_luyen,hoc_bong_diem_ren_luyen.md,fixed_size,Chunk 19,hoc_bong_diem_ren_luyen::fixed_size::chunk_18,200," trình học và tốt nghiệp chậm so với quy định của khóa học thì tiếp
  tục được đánh giá kết quả rèn luyện trong thời gian đang hoàn thành bổ sung chương trình học và
  tốt nghiệp, tùy thuộc vào nguyên"
hoc_bong_diem_ren_luyen,hoc_bong_diem_ren_luyen.md,fixed_size,Chunk 20,hoc_bong_diem_ren_luyen::fixed_size::chunk_19,200," nhân để
  quy định mức đánh giá rèn luyện tại kỳ bổ sung.
- Sinh viên khuyết tật, tàn tật, mồ côi cả cha lẫn mẹ hoặc cha hoặc mẹ, hoàn cảnh đặc biệt khó
  khăn có xác nhận của địa phương theo quy địn"
hoc_bong_diem_ren_luyen,hoc_bong_diem_ren_luyen.md,fixed_size,Chunk 21,hoc_bong_diem_ren_luyen::fixed_size::chunk_20,200,"h đối với những hoạt động rèn luyện không có khả
  năng tham gia hoặc đáp ứng yêu cầu chung thì
  được ưu tiên, động viên, khuyến khích, cộng điểm khi đánh giá kết quả rèn luyện qua sự nỗ lực và
  tiế"
hoc_bong_diem_ren_luyen,hoc_bong_diem_ren_luyen.md,fixed_size,Chunk 22,hoc_bong_diem_ren_luyen::fixed_size::chunk_21,200,"n bộ của sinh viên tùy thuộc vào đối tượng và hoàn cảnh cụ thể.
- Sinh viên nghỉ học tạm thời được bảo lưu kết quả rèn luyện sẽ được đánh giá kết quả rèn luyện
  khi tiếp tục trở lại học tập theo quy "
hoc_bong_diem_ren_luyen,hoc_bong_diem_ren_luyen.md,fixed_size,Chunk 23,hoc_bong_diem_ren_luyen::fixed_size::chunk_22,200,"định.
- Sinh viên học đồng thời hai chương trình đào tạo sẽ được đánh giá kết quả rèn luyện tại đơn vị
  quản lý chương trình thứ nhất và lấy ý kiến nhận xét của đơn vị quản lý chương trình thứ hai là"
hoc_bong_diem_ren_luyen,hoc_bong_diem_ren_luyen.md,fixed_size,Chunk 24,hoc_bong_diem_ren_luyen::fixed_size::chunk_23,200,"m
  căn cứ, cơ sở để đánh giá thêm. Trường
  hợp chương trình thứ nhất đã hoàn thành thì đơn vị quản lý chương trình thứ hai sẽ tiếp tục đánh
  giá kết quả rèn luyện của sinh viên.
- Sinh viên chuyển "
hoc_bong_diem_ren_luyen,hoc_bong_diem_ren_luyen.md,fixed_size,Chunk 25,hoc_bong_diem_ren_luyen::fixed_size::chunk_24,200,"trường được sự đồng ý của lãnh đạo cả hai đơn vị đào tạo thì được bảo lưu kết
  quả rèn luyện của đơn vị đào tạo cũ khi học tại đơn vị đào tạo mới và tiếp tục được đánh giá kết
  quả rèn luyện ở các h"
hoc_bong_diem_ren_luyen,hoc_bong_diem_ren_luyen.md,fixed_size,Chunk 26,hoc_bong_diem_ren_luyen::fixed_size::chunk_25,17,"ọc kỳ tiếp theo.
"
hoc_bong_diem_ren_luyen,hoc_bong_diem_ren_luyen.md,by_sentences,Chunk 1,hoc_bong_diem_ren_luyen::by_sentences::chunk_0,1104,"* Học bổng khuyến khích học tập

+ Định mức học bổng KKHT:

- Sẽ được quy định và thông báo vào đầu mỗi năm học khi có định mức học phí của năm học đó. + Tiêu chí xét

- Sinh viên trong thời hạn đào tạo chuẩn có kết quả học tập, rèn luyện đạt từ loại khá trở lên và
  không bị kỷ luật từ mức khiển trách trở lên trong kỳ xét cấp học bổng;
- Tại học kỳ xét học bổng, sinh viên được xét cấp học bổng phải hoàn thành ít nhất 15 tín chỉ. Trường hợp đặc biệt do Hiệu trưởng đơn vị đào tạo quy định dựa trên đề xuất của Hội đồng: [cụ
  thể nếu số tín chỉ ít hơn 15: chỉ xem xét với các sinh viên là năm cuối, không còn học phần nào
  để học và với sinh viên năm nhất, học kỳ đầu tiên được nhà trường đăng kí môn học (nếu có)]

+ Mức học bổng

- Với sinh viên hệ chuẩn có 3 mức học bổng: Xuất sắc, Giỏi, Khá
- Với sinh viên CLC TT23 có 2 mức học bổng: Xuất sắc, Giỏi
- Với sinh viên ĐMKTKT có 2 mức học bổng: Xuất sắc, Giỏi

+ Nguyên tắc xét

- Nguồn học bổng KKHT được trích bằng 8% nguồn thu học phí theo Ngành học và Khóa học;
- Xét theo ngành học, khóa học, từ cao xuống thấp, đến khi hết kinh phí thì dừng."
hoc_bong_diem_ren_luyen,hoc_bong_diem_ren_luyen.md,by_sentences,Chunk 2,hoc_bong_diem_ren_luyen::by_sentences::chunk_1,840,"* Học bổng ngoài ngân sách

+ Hàng năm sẽ có khoảng trên dưới 30 loại học bổng từ các cá nhân, tổ chức và doanh nghiệp trao cho
  các đối tượng khác nhau. Sinh viên theo dõi thông báo trên Website của nhà trường để biết và nộp hồ
  sơ. + Học bổng từ ĐHQGHN: [https://www.vnu.edu.vn/ttsk/?C2649/N28168/dHQGHN-co-hon-600-suat-hoc-bong-ngoai-ngan-sach-nam-hoc-2021-2022.htm](https://www.vnu.edu.vn/ttsk/?C2649/N28168/dHQGHN-co-hon-600-suat-hoc-bong-ngoai-ngan-sach-nam-hoc-2021-2022.html)

* Đánh giá điểm rèn luyện

+ Điểm rèn luyện được đánh giá bằng thang điểm 100 cho từng học kỳ, bằng tổng điểm đạt được của 5 nội
  dung; đối với mỗi nội dung có thể được cộng (thưởng) điểm và trừ (phạt) điểm, nhưng tổng số điểm mỗi
  nội dung đánh giá không vượt quá điểm tối đa của nội
  dung đánh giá tương ứng, tối thiểu là 0 điểm; không cho điểm lẻ."
hoc_bong_diem_ren_luyen,hoc_bong_diem_ren_luyen.md,by_sentences,Chunk 3,hoc_bong_diem_ren_luyen::by_sentences::chunk_2,306,"+ Có mức điểm chuẩn chung về từng nội dung cho sinh viên không vi phạm nội quy, quy chế và quy định
  của Bộ GD&ĐT, ĐHQGHN, Trường Đại học Công nghệ và nơi cư trú (thường trú, tạm trú). Tổng của 5 mức
  điểm chuẩn này là 70 điểm. Sau đó sẽ cộng (thưởng) điểm,
  trừ (phạt) điểm chi tiết trong mỗi nội dung."
hoc_bong_diem_ren_luyen,hoc_bong_diem_ren_luyen.md,by_sentences,Chunk 4,hoc_bong_diem_ren_luyen::by_sentences::chunk_3,479,"+ Không đánh giá kết quả rèn luyện trong thời gian sinh viên nghỉ học có thời hạn vì lý do cá nhân
  (sức khỏe yếu, hoàn cảnh gia đình khó khăn, …) và sau đó được nhà trường xem xét cho học tiếp. + Điểm rèn luyện của học kỳ là tổng điểm đạt được của 5 nội dung đánh giá chi tiết trong phiếu; Điểm
  rèn luyện của năm học là trung bình cộng của điểm rèn luyện các học kỳ của năm học đó. + Điểm rèn luyện toàn khóa học là trung bình cộng của điểm rèn luyện các học kỳ của khóa học."
hoc_bong_diem_ren_luyen,hoc_bong_diem_ren_luyen.md,by_sentences,Chunk 5,hoc_bong_diem_ren_luyen::by_sentences::chunk_4,453,"+ Phân loại kết quả rèn luyện: Kết quả rèn luyện được phân thành các loại: xuất sắc (Từ 90 đến 100
  điểm), tốt (Từ 80 đến 89 điểm), khá (Từ 65 đến 79 điểm), trung bình (Từ 50 đến 64 điểm), yếu (Từ 35
  đến 49 điểm) và kém (Dưới 35 điểm). + Một số điểm cần lưu ý:

- Nếu sinh viên bị kỷ luật ở mức khiển trách thì kết quả rèn luyện không vượt quá loại khá. Sinh
  viên bị kỷ luật ở mức cảnh cáo thì kết quả rèn luyện không được vượt quá loại trung bình."
hoc_bong_diem_ren_luyen,hoc_bong_diem_ren_luyen.md,by_sentences,Chunk 6,hoc_bong_diem_ren_luyen::by_sentences::chunk_5,378,"- Sinh viên bị kỷ luật ở mức đình chỉ học tập không được đánh giá rèn luyện trong thời gian bị
  đình chỉ. Đối với những trường hợp này tại thời điểm đã vi phạm kỷ luật nhưng chưa thi hành
  Quyết định kỷ luật, thì điểm rèn luyện do Hội
  đồng cấp đơn vị quyết định nhưng không vượt quá loại yếu. - Sinh viên bị kỷ luật ở mức buộc thôi học không được đánh giá kết quả rèn luyện."
hoc_bong_diem_ren_luyen,hoc_bong_diem_ren_luyen.md,by_sentences,Chunk 7,hoc_bong_diem_ren_luyen::by_sentences::chunk_6,834,"- Sinh viên hoàn thành chương trình học và tốt nghiệp chậm so với quy định của khóa học thì tiếp
  tục được đánh giá kết quả rèn luyện trong thời gian đang hoàn thành bổ sung chương trình học và
  tốt nghiệp, tùy thuộc vào nguyên nhân để
  quy định mức đánh giá rèn luyện tại kỳ bổ sung. - Sinh viên khuyết tật, tàn tật, mồ côi cả cha lẫn mẹ hoặc cha hoặc mẹ, hoàn cảnh đặc biệt khó
  khăn có xác nhận của địa phương theo quy định đối với những hoạt động rèn luyện không có khả
  năng tham gia hoặc đáp ứng yêu cầu chung thì
  được ưu tiên, động viên, khuyến khích, cộng điểm khi đánh giá kết quả rèn luyện qua sự nỗ lực và
  tiến bộ của sinh viên tùy thuộc vào đối tượng và hoàn cảnh cụ thể. - Sinh viên nghỉ học tạm thời được bảo lưu kết quả rèn luyện sẽ được đánh giá kết quả rèn luyện
  khi tiếp tục trở lại học tập theo quy định."
hoc_bong_diem_ren_luyen,hoc_bong_diem_ren_luyen.md,by_sentences,Chunk 8,hoc_bong_diem_ren_luyen::by_sentences::chunk_7,610,"- Sinh viên học đồng thời hai chương trình đào tạo sẽ được đánh giá kết quả rèn luyện tại đơn vị
  quản lý chương trình thứ nhất và lấy ý kiến nhận xét của đơn vị quản lý chương trình thứ hai làm
  căn cứ, cơ sở để đánh giá thêm. Trường
  hợp chương trình thứ nhất đã hoàn thành thì đơn vị quản lý chương trình thứ hai sẽ tiếp tục đánh
  giá kết quả rèn luyện của sinh viên. - Sinh viên chuyển trường được sự đồng ý của lãnh đạo cả hai đơn vị đào tạo thì được bảo lưu kết
  quả rèn luyện của đơn vị đào tạo cũ khi học tại đơn vị đào tạo mới và tiếp tục được đánh giá kết
  quả rèn luyện ở các học kỳ tiếp theo."
hoc_bong_diem_ren_luyen,hoc_bong_diem_ren_luyen.md,recursive,Chunk 1,hoc_bong_diem_ren_luyen::recursive::chunk_0,168,"
* Học bổng khuyến khích học tập

+ Định mức học bổng KKHT:

- Sẽ được quy định và thông báo vào đầu mỗi năm học khi có định mức học phí của năm học đó.

+ Tiêu chí xét"
hoc_bong_diem_ren_luyen,hoc_bong_diem_ren_luyen.md,recursive,Chunk 2,hoc_bong_diem_ren_luyen::recursive::chunk_1,170,"- Sinh viên trong thời hạn đào tạo chuẩn có kết quả học tập, rèn luyện đạt từ loại khá trở lên và
  không bị kỷ luật từ mức khiển trách trở lên trong kỳ xét cấp học bổng;"
hoc_bong_diem_ren_luyen,hoc_bong_diem_ren_luyen.md,recursive,Chunk 3,hoc_bong_diem_ren_luyen::recursive::chunk_2,190,"- Tại học kỳ xét học bổng, sinh viên được xét cấp học bổng phải hoàn thành ít nhất 15 tín chỉ.
  Trường hợp đặc biệt do Hiệu trưởng đơn vị đào tạo quy định dựa trên đề xuất của Hội đồng: [cụ"
hoc_bong_diem_ren_luyen,hoc_bong_diem_ren_luyen.md,recursive,Chunk 4,hoc_bong_diem_ren_luyen::recursive::chunk_3,191,"  thể nếu số tín chỉ ít hơn 15: chỉ xem xét với các sinh viên là năm cuối, không còn học phần nào
  để học và với sinh viên năm nhất, học kỳ đầu tiên được nhà trường đăng kí môn học (nếu có)]"
hoc_bong_diem_ren_luyen,hoc_bong_diem_ren_luyen.md,recursive,Chunk 5,hoc_bong_diem_ren_luyen::recursive::chunk_4,195,"+ Mức học bổng

- Với sinh viên hệ chuẩn có 3 mức học bổng: Xuất sắc, Giỏi, Khá
- Với sinh viên CLC TT23 có 2 mức học bổng: Xuất sắc, Giỏi
- Với sinh viên ĐMKTKT có 2 mức học bổng: Xuất sắc, Giỏi"
hoc_bong_diem_ren_luyen,hoc_bong_diem_ren_luyen.md,recursive,Chunk 6,hoc_bong_diem_ren_luyen::recursive::chunk_5,186,"+ Nguyên tắc xét

- Nguồn học bổng KKHT được trích bằng 8% nguồn thu học phí theo Ngành học và Khóa học;
- Xét theo ngành học, khóa học, từ cao xuống thấp, đến khi hết kinh phí thì dừng."
hoc_bong_diem_ren_luyen,hoc_bong_diem_ren_luyen.md,recursive,Chunk 7,hoc_bong_diem_ren_luyen::recursive::chunk_6,26,* Học bổng ngoài ngân sách
hoc_bong_diem_ren_luyen,hoc_bong_diem_ren_luyen.md,recursive,Chunk 8,hoc_bong_diem_ren_luyen::recursive::chunk_7,99,"+ Hàng năm sẽ có khoảng trên dưới 30 loại học bổng từ các cá nhân, tổ chức và doanh nghiệp trao cho"
hoc_bong_diem_ren_luyen,hoc_bong_diem_ren_luyen.md,recursive,Chunk 9,hoc_bong_diem_ren_luyen::recursive::chunk_8,107,"  các đối tượng khác nhau. Sinh viên theo dõi thông báo trên Website của nhà trường để biết và nộp hồ
  sơ."
hoc_bong_diem_ren_luyen,hoc_bong_diem_ren_luyen.md,recursive,Chunk 10,hoc_bong_diem_ren_luyen::recursive::chunk_9,21,+ Học bổng từ ĐHQGHN:
hoc_bong_diem_ren_luyen,hoc_bong_diem_ren_luyen.md,recursive,Chunk 11,hoc_bong_diem_ren_luyen::recursive::chunk_10,200,[https://www.vnu.edu.vn/ttsk/?C2649/N28168/dHQGHN-co-hon-600-suat-hoc-bong-ngoai-ngan-sach-nam-hoc-2021-2022.htm](https://www.vnu.edu.vn/ttsk/?C2649/N28168/dHQGHN-co-hon-600-suat-hoc-bong-ngoai-ngan-s
hoc_bong_diem_ren_luyen,hoc_bong_diem_ren_luyen.md,recursive,Chunk 12,hoc_bong_diem_ren_luyen::recursive::chunk_11,52,ach-nam-hoc-2021-2022.html)* Đánh giá điểm rèn luyện
hoc_bong_diem_ren_luyen,hoc_bong_diem_ren_luyen.md,recursive,Chunk 13,hoc_bong_diem_ren_luyen::recursive::chunk_12,101,"+ Điểm rèn luyện được đánh giá bằng thang điểm 100 cho từng học kỳ, bằng tổng điểm đạt được của 5 nội"
hoc_bong_diem_ren_luyen,hoc_bong_diem_ren_luyen.md,recursive,Chunk 14,hoc_bong_diem_ren_luyen::recursive::chunk_13,157,"  dung; đối với mỗi nội dung có thể được cộng (thưởng) điểm và trừ (phạt) điểm, nhưng tổng số điểm mỗi
  nội dung đánh giá không vượt quá điểm tối đa của nội"
hoc_bong_diem_ren_luyen,hoc_bong_diem_ren_luyen.md,recursive,Chunk 15,hoc_bong_diem_ren_luyen::recursive::chunk_14,166,"  dung đánh giá tương ứng, tối thiểu là 0 điểm; không cho điểm lẻ.
+ Có mức điểm chuẩn chung về từng nội dung cho sinh viên không vi phạm nội quy, quy chế và quy định"
hoc_bong_diem_ren_luyen,hoc_bong_diem_ren_luyen.md,recursive,Chunk 16,hoc_bong_diem_ren_luyen::recursive::chunk_15,159,"  của Bộ GD&ĐT, ĐHQGHN, Trường Đại học Công nghệ và nơi cư trú (thường trú, tạm trú). Tổng của 5 mức
  điểm chuẩn này là 70 điểm. Sau đó sẽ cộng (thưởng) điểm,"
hoc_bong_diem_ren_luyen,hoc_bong_diem_ren_luyen.md,recursive,Chunk 17,hoc_bong_diem_ren_luyen::recursive::chunk_16,145,"  trừ (phạt) điểm chi tiết trong mỗi nội dung.
+ Không đánh giá kết quả rèn luyện trong thời gian sinh viên nghỉ học có thời hạn vì lý do cá nhân"
hoc_bong_diem_ren_luyen,hoc_bong_diem_ren_luyen.md,recursive,Chunk 18,hoc_bong_diem_ren_luyen::recursive::chunk_17,197,"  (sức khỏe yếu, hoàn cảnh gia đình khó khăn, …) và sau đó được nhà trường xem xét cho học tiếp.
+ Điểm rèn luyện của học kỳ là tổng điểm đạt được của 5 nội dung đánh giá chi tiết trong phiếu; Điểm"
hoc_bong_diem_ren_luyen,hoc_bong_diem_ren_luyen.md,recursive,Chunk 19,hoc_bong_diem_ren_luyen::recursive::chunk_18,182,"  rèn luyện của năm học là trung bình cộng của điểm rèn luyện các học kỳ của năm học đó.
+ Điểm rèn luyện toàn khóa học là trung bình cộng của điểm rèn luyện các học kỳ của khóa học."
hoc_bong_diem_ren_luyen,hoc_bong_diem_ren_luyen.md,recursive,Chunk 20,hoc_bong_diem_ren_luyen::recursive::chunk_19,98,+ Phân loại kết quả rèn luyện: Kết quả rèn luyện được phân thành các loại: xuất sắc (Từ 90 đến 100
hoc_bong_diem_ren_luyen,hoc_bong_diem_ren_luyen.md,recursive,Chunk 21,hoc_bong_diem_ren_luyen::recursive::chunk_20,164,"  điểm), tốt (Từ 80 đến 89 điểm), khá (Từ 65 đến 79 điểm), trung bình (Từ 50 đến 64 điểm), yếu (Từ 35
  đến 49 điểm) và kém (Dưới 35 điểm).
+ Một số điểm cần lưu ý:"
hoc_bong_diem_ren_luyen,hoc_bong_diem_ren_luyen.md,recursive,Chunk 22,hoc_bong_diem_ren_luyen::recursive::chunk_21,188,"- Nếu sinh viên bị kỷ luật ở mức khiển trách thì kết quả rèn luyện không vượt quá loại khá. Sinh
  viên bị kỷ luật ở mức cảnh cáo thì kết quả rèn luyện không được vượt quá loại trung bình."
hoc_bong_diem_ren_luyen,hoc_bong_diem_ren_luyen.md,recursive,Chunk 23,hoc_bong_diem_ren_luyen::recursive::chunk_22,188,"- Sinh viên bị kỷ luật ở mức đình chỉ học tập không được đánh giá rèn luyện trong thời gian bị
  đình chỉ. Đối với những trường hợp này tại thời điểm đã vi phạm kỷ luật nhưng chưa thi hành"
hoc_bong_diem_ren_luyen,hoc_bong_diem_ren_luyen.md,recursive,Chunk 24,hoc_bong_diem_ren_luyen::recursive::chunk_23,189,"  Quyết định kỷ luật, thì điểm rèn luyện do Hội
  đồng cấp đơn vị quyết định nhưng không vượt quá loại yếu.
- Sinh viên bị kỷ luật ở mức buộc thôi học không được đánh giá kết quả rèn luyện."
hoc_bong_diem_ren_luyen,hoc_bong_diem_ren_luyen.md,recursive,Chunk 25,hoc_bong_diem_ren_luyen::recursive::chunk_24,194,"- Sinh viên hoàn thành chương trình học và tốt nghiệp chậm so với quy định của khóa học thì tiếp
  tục được đánh giá kết quả rèn luyện trong thời gian đang hoàn thành bổ sung chương trình học và"
hoc_bong_diem_ren_luyen,hoc_bong_diem_ren_luyen.md,recursive,Chunk 26,hoc_bong_diem_ren_luyen::recursive::chunk_25,187,"  tốt nghiệp, tùy thuộc vào nguyên nhân để
  quy định mức đánh giá rèn luyện tại kỳ bổ sung.
- Sinh viên khuyết tật, tàn tật, mồ côi cả cha lẫn mẹ hoặc cha hoặc mẹ, hoàn cảnh đặc biệt khó"
hoc_bong_diem_ren_luyen,hoc_bong_diem_ren_luyen.md,recursive,Chunk 27,hoc_bong_diem_ren_luyen::recursive::chunk_26,141,"  khăn có xác nhận của địa phương theo quy định đối với những hoạt động rèn luyện không có khả
  năng tham gia hoặc đáp ứng yêu cầu chung thì"
hoc_bong_diem_ren_luyen,hoc_bong_diem_ren_luyen.md,recursive,Chunk 28,hoc_bong_diem_ren_luyen::recursive::chunk_27,167,"  được ưu tiên, động viên, khuyến khích, cộng điểm khi đánh giá kết quả rèn luyện qua sự nỗ lực và
  tiến bộ của sinh viên tùy thuộc vào đối tượng và hoàn cảnh cụ thể."
hoc_bong_diem_ren_luyen,hoc_bong_diem_ren_luyen.md,recursive,Chunk 29,hoc_bong_diem_ren_luyen::recursive::chunk_28,141,"- Sinh viên nghỉ học tạm thời được bảo lưu kết quả rèn luyện sẽ được đánh giá kết quả rèn luyện
  khi tiếp tục trở lại học tập theo quy định."
hoc_bong_diem_ren_luyen,hoc_bong_diem_ren_luyen.md,recursive,Chunk 30,hoc_bong_diem_ren_luyen::recursive::chunk_29,195,"- Sinh viên học đồng thời hai chương trình đào tạo sẽ được đánh giá kết quả rèn luyện tại đơn vị
  quản lý chương trình thứ nhất và lấy ý kiến nhận xét của đơn vị quản lý chương trình thứ hai làm"
hoc_bong_diem_ren_luyen,hoc_bong_diem_ren_luyen.md,recursive,Chunk 31,hoc_bong_diem_ren_luyen::recursive::chunk_30,178,"  căn cứ, cơ sở để đánh giá thêm. Trường
  hợp chương trình thứ nhất đã hoàn thành thì đơn vị quản lý chương trình thứ hai sẽ tiếp tục đánh
  giá kết quả rèn luyện của sinh viên."
hoc_bong_diem_ren_luyen,hoc_bong_diem_ren_luyen.md,recursive,Chunk 32,hoc_bong_diem_ren_luyen::recursive::chunk_31,195,"- Sinh viên chuyển trường được sự đồng ý của lãnh đạo cả hai đơn vị đào tạo thì được bảo lưu kết
  quả rèn luyện của đơn vị đào tạo cũ khi học tại đơn vị đào tạo mới và tiếp tục được đánh giá kết"
hoc_bong_diem_ren_luyen,hoc_bong_diem_ren_luyen.md,recursive,Chunk 33,hoc_bong_diem_ren_luyen::recursive::chunk_32,39,  quả rèn luyện ở các học kỳ tiếp theo.
hoc_phi_che_do_chinh_sach,hoc_phi_che_do_chinh_sach.md,fixed_size,Chunk 1,hoc_phi_che_do_chinh_sach::fixed_size::chunk_0,200,"
* Học phí

  + Học phí học lần đầu của hệ chuẩn thu theo tín chỉ, và sẽ thay đổi từng năm theo Nghị định của chính phủ.
  + Học phí học lần đầu của hệ CLC TT23 thu theo niên chế (học kỳ),
    mức học"
hoc_phi_che_do_chinh_sach,hoc_phi_che_do_chinh_sach.md,fixed_size,Chunk 2,hoc_phi_che_do_chinh_sach::fixed_size::chunk_1,200," phí ổn định cho toàn khóa học, được công bố từ đầu khóa
    học.
  + Học phí học lần đầu của chương trình ĐMKTKT thu theo niên chế (học kỳ), mức học phí tăng hàng năm theo
    Nghị định của Chính phủ"
hoc_phi_che_do_chinh_sach,hoc_phi_che_do_chinh_sach.md,fixed_size,Chunk 3,hoc_phi_che_do_chinh_sach::fixed_size::chunk_2,200," và chính sách tự chủ của Trường.
  + Quy định về việc nộp học phí tại trường ĐH Công nghệ:
    [LINK](https://uet.vnu.edu.vn/wp-content/uploads/2021/03/Quy-dinh-ve-viec-nop-hoc-phi-tai-truong-DHCN-20"
hoc_phi_che_do_chinh_sach,hoc_phi_che_do_chinh_sach.md,fixed_size,Chunk 4,hoc_phi_che_do_chinh_sach::fixed_size::chunk_3,200,"21_final.pdf)
  + Học phí học lại, cải thiện, tự chọn tự do tính theo tín chỉ và có thông báo cụ thể cho từng năm học, khác
    nhau với hệ chuẩn, chương trình CLC TT23 và chương trình ĐMKTKT.
  + Địn"
hoc_phi_che_do_chinh_sach,hoc_phi_che_do_chinh_sach.md,fixed_size,Chunk 5,hoc_phi_che_do_chinh_sach::fixed_size::chunk_4,200,"h mức học phí năm học 2025-2026:
    [LINK](<https://handbook.uet.vnu.edu.vn/Signed.%C4%90%E1%BB%8Bnh%20m%E1%BB%A9c%20h%E1%BB%8Dc%20ph%C3%AD%20n%C4%83m%20h%E1%BB%8Dc%2025-26-2080.dhcn.pdf>)
* Chế độ c"
hoc_phi_che_do_chinh_sach,hoc_phi_che_do_chinh_sach.md,fixed_size,Chunk 6,hoc_phi_che_do_chinh_sach::fixed_size::chunk_5,200,"hính sách

  + Miễn giảm học phí

  - Đối tượng được miễn 100% học phí (theo mức trần học phí hệ
    chuẩn)

    * Các đối tượng theo quy định tại Pháp lệnh ưu đãi người có công với cách mạng. Cụ thể:"
hoc_phi_che_do_chinh_sach,hoc_phi_che_do_chinh_sach.md,fixed_size,Chunk 7,hoc_phi_che_do_chinh_sach::fixed_size::chunk_6,200,"

      - Điều 3 của Pháp lệnh đã quy định rõ đối tượng hưởng chế độ ưu đãi người có công với cách mạng
        gồm
        người có công với cách mạng và thân nhân của người có công với cách mạng, ba"
hoc_phi_che_do_chinh_sach,hoc_phi_che_do_chinh_sach.md,fixed_size,Chunk 8,hoc_phi_che_do_chinh_sach::fixed_size::chunk_7,200,"o gồm cha đẻ, mẹ
        đẻ,
        vợ
        hoặc chồng, con (con đẻ, con nuôi), người có công nuôi liệt sĩ.
      - Người có công với cách mạng gồm có: (1) Người hoạt động cách mạng trước ngày 01 "
hoc_phi_che_do_chinh_sach,hoc_phi_che_do_chinh_sach.md,fixed_size,Chunk 9,hoc_phi_che_do_chinh_sach::fixed_size::chunk_8,200,"tháng 01 năm
        1945;
        (2) Người hoạt động cách mạng từ ngày 01 tháng 01 năm 1945 đến ngày khởi nghĩa tháng Tám năm
        1945;
        (3) Liệt sĩ; (4) Bà mẹ Việt Nam anh hùng; (5) Anh "
hoc_phi_che_do_chinh_sach,hoc_phi_che_do_chinh_sach.md,fixed_size,Chunk 10,hoc_phi_che_do_chinh_sach::fixed_size::chunk_9,200,"hùng Lực lượng vũ trang nhân dân; (6) Anh
        hùng
        Lao
        động trong thời kỳ kháng chiến; (7) Thương binh, bao gồm cả thương binh loại B được công nhận
        trước
        ngày 31 t"
hoc_phi_che_do_chinh_sach,hoc_phi_che_do_chinh_sach.md,fixed_size,Chunk 11,hoc_phi_che_do_chinh_sach::fixed_size::chunk_10,200,"háng 12 năm 1993; người hưởng chính sách như thương binh; (8) Bệnh binh; (9) Người
        hoạt
        động kháng chiến bị nhiễm chất độc hoá học; (10) Người hoạt động cách mạng, kháng chiến, bảo
   "
hoc_phi_che_do_chinh_sach,hoc_phi_che_do_chinh_sach.md,fixed_size,Chunk 12,hoc_phi_che_do_chinh_sach::fixed_size::chunk_11,200,"     vệ Tổ
        quốc, làm nghĩa vụ quốc tế bị địch bắt tù, đày; (11) Người hoạt động kháng chiến giải phóng
        dân
        tộc,
        bảo vệ Tổ quốc, làm nghĩa vụ quốc tế; (12) Người có công"
hoc_phi_che_do_chinh_sach,hoc_phi_che_do_chinh_sach.md,fixed_size,Chunk 13,hoc_phi_che_do_chinh_sach::fixed_size::chunk_12,200," giúp đỡ cách mạng.
    * Sinh viên bị khuyết tật.
    * Sinh viên từ 16 đến 22 tuổi, hiện đang học đại học văn bằng thứ nhất thuộc đối tượng được hưởng trợ
      cấp
      hàng tháng theo quy định tạ"
hoc_phi_che_do_chinh_sach,hoc_phi_che_do_chinh_sach.md,fixed_size,Chunk 14,hoc_phi_che_do_chinh_sach::fixed_size::chunk_13,200,"i khoản 1 và khoản 2 Điều 5 Nghị định số 20/2021/NĐ-CP ngày 15/03/2021 của
      Chính phủ về chính sách trợ giúp xã hội đối với đối tượng bảo trợ xã hội.
    * Sinh viên là người dân tộc thiểu số có "
hoc_phi_che_do_chinh_sach,hoc_phi_che_do_chinh_sach.md,fixed_size,Chunk 15,hoc_phi_che_do_chinh_sach::fixed_size::chunk_14,200,"cha hoặc mẹ hoặc cả cha và mẹ hoặc ông bà (trong trường hợp ở
      với
      ông bà) thuộc hộ nghèo và hộ cận nghèo theo quy định của Thủ tướng Chính phủ;
    * Sinh viên là người dân tộc thiểu số rấ"
hoc_phi_che_do_chinh_sach,hoc_phi_che_do_chinh_sach.md,fixed_size,Chunk 16,hoc_phi_che_do_chinh_sach::fixed_size::chunk_15,200,"t ít người quy định tại khoản 1 Điều 2 Nghị định số
      57/2017/NĐ-CP
      ngày 09 tháng 5 năm 2017 của Chính phủ quy định chính sách ưu tiên tuyển sinh và hỗ trợ học tập đối
      với
      trẻ mẫ"
hoc_phi_che_do_chinh_sach,hoc_phi_che_do_chinh_sach.md,fixed_size,Chunk 17,hoc_phi_che_do_chinh_sach::fixed_size::chunk_16,200,"u giáo, học sinh, sinh viên dân tộc thiểu số rất ít người ở vùng có điều kiện kinh tế - xã hội
      khó
      khăn hoặc đặc biệt khó khăn theo quy định hiện hành của cơ quan có thẩm quyền.

      + C"
hoc_phi_che_do_chinh_sach,hoc_phi_che_do_chinh_sach.md,fixed_size,Chunk 18,hoc_phi_che_do_chinh_sach::fixed_size::chunk_17,200,"ụ thể là sinh viên thuộc một trong 16 dân tộc có số dân dưới 10.000 người sau gọi là dân tộc
        thiểu
        số rất ít người: Cống, Mảng, Pu Péo, Si La, Cờ Lao, Bố Y, La Ha, Ngái, Chứt, Ơ Đu, Br"
hoc_phi_che_do_chinh_sach,hoc_phi_che_do_chinh_sach.md,fixed_size,Chunk 19,hoc_phi_che_do_chinh_sach::fixed_size::chunk_18,200,"âu, Rơ Măm,
        Lô
        Lô, Lự, Pà Thẻn, La Hủ.
    * Sinh viên thuộc các đối tượng của các chương trình, đề án được miễn học phí theo quy định của Chính
      phủ.
  - Đối tượng được giảm 70% "
hoc_phi_che_do_chinh_sach,hoc_phi_che_do_chinh_sach.md,fixed_size,Chunk 20,hoc_phi_che_do_chinh_sach::fixed_size::chunk_19,200,"học phí (theo mức trần học phí hệ chuẩn)

    * Sinh viên là người dân tộc thiểu số (ngoài đối tượng dân tộc thiểu số rất ít người) ở thôn/bản đặc
      biệt
      khó
      khăn, xã khu vực III vùng "
hoc_phi_che_do_chinh_sach,hoc_phi_che_do_chinh_sach.md,fixed_size,Chunk 21,hoc_phi_che_do_chinh_sach::fixed_size::chunk_20,200,"dân tộc và miền núi, xã đặc biệt khó khăn vùng bãi ngang ven biển hải đảo
      theo
      quy
      định của cơ quan có thẩm quyền.
  - Đối tượng được giảm 50% học phí (theo mức trần học phí hệ chuẩn"
hoc_phi_che_do_chinh_sach,hoc_phi_che_do_chinh_sach.md,fixed_size,Chunk 22,hoc_phi_che_do_chinh_sach::fixed_size::chunk_21,200,")

    * Sinh viên là con cán bộ, công chức, viên chức, công nhân mà cha hoặc mẹ bị tai nạn lao động hoặc mắc
      bệnh nghề
      nghiệp, được hưởng trợ cấp thường xuyên.+ Trợ cấp xã hội

    Các đố"
hoc_phi_che_do_chinh_sach,hoc_phi_che_do_chinh_sach.md,fixed_size,Chunk 23,hoc_phi_che_do_chinh_sach::fixed_size::chunk_22,200,"i tượng đươc nhận trợ cấp xã hội:

    - * Sinh viên là người dân tộc ít người ở vùng cao, vùng đặc biệt
        khó khăn
      * Sinh viên mồ côi cả cha lẫn mẹ và không nơi nương tựa
      * Sinh viê"
hoc_phi_che_do_chinh_sach,hoc_phi_che_do_chinh_sach.md,fixed_size,Chunk 24,hoc_phi_che_do_chinh_sach::fixed_size::chunk_23,200,"n là người tàn tật và gặp khó khăn về kinh tế
      * Sinh viên có hoàn cảnh đặc biệt khó khăn về kinh tế và vượt
        khó học tập

  + Hỗ trợ chi phí học tập

    Các đối tượng được nhận Hỗ trợ ch"
hoc_phi_che_do_chinh_sach,hoc_phi_che_do_chinh_sach.md,fixed_size,Chunk 25,hoc_phi_che_do_chinh_sach::fixed_size::chunk_24,200,"i phí học tập

    - * Sinh viên là người dân tộc thiểu số, đồng thời thỏa mãn 2 tiêu
        chí: Thuộc hộ nghèo/hộ cận nghèo theo quy định của Chính phủ
        và Thi đỗ vào Trường Đại học Công ngh"
hoc_phi_che_do_chinh_sach,hoc_phi_che_do_chinh_sach.md,fixed_size,Chunk 26,hoc_phi_che_do_chinh_sach::fixed_size::chunk_25,61,"ệ.
      * Sinh viên là người dân tộc thiểu số rất ít người.
"
hoc_phi_che_do_chinh_sach,hoc_phi_che_do_chinh_sach.md,by_sentences,Chunk 1,hoc_phi_che_do_chinh_sach::by_sentences::chunk_0,428,"* Học phí

  + Học phí học lần đầu của hệ chuẩn thu theo tín chỉ, và sẽ thay đổi từng năm theo Nghị định của chính phủ. + Học phí học lần đầu của hệ CLC TT23 thu theo niên chế (học kỳ),
    mức học phí ổn định cho toàn khóa học, được công bố từ đầu khóa
    học. + Học phí học lần đầu của chương trình ĐMKTKT thu theo niên chế (học kỳ), mức học phí tăng hàng năm theo
    Nghị định của Chính phủ và chính sách tự chủ của Trường."
hoc_phi_che_do_chinh_sach,hoc_phi_che_do_chinh_sach.md,by_sentences,Chunk 2,hoc_phi_che_do_chinh_sach::by_sentences::chunk_1,1073,"+ Quy định về việc nộp học phí tại trường ĐH Công nghệ:
    [LINK](https://uet.vnu.edu.vn/wp-content/uploads/2021/03/Quy-dinh-ve-viec-nop-hoc-phi-tai-truong-DHCN-2021_final.pdf)
  + Học phí học lại, cải thiện, tự chọn tự do tính theo tín chỉ và có thông báo cụ thể cho từng năm học, khác
    nhau với hệ chuẩn, chương trình CLC TT23 và chương trình ĐMKTKT. + Định mức học phí năm học 2025-2026:
    [LINK](<https://handbook.uet.vnu.edu.vn/Signed.%C4%90%E1%BB%8Bnh%20m%E1%BB%A9c%20h%E1%BB%8Dc%20ph%C3%AD%20n%C4%83m%20h%E1%BB%8Dc%2025-26-2080.dhcn.pdf>)
* Chế độ chính sách

  + Miễn giảm học phí

  - Đối tượng được miễn 100% học phí (theo mức trần học phí hệ
    chuẩn)

    * Các đối tượng theo quy định tại Pháp lệnh ưu đãi người có công với cách mạng. Cụ thể:

      - Điều 3 của Pháp lệnh đã quy định rõ đối tượng hưởng chế độ ưu đãi người có công với cách mạng
        gồm
        người có công với cách mạng và thân nhân của người có công với cách mạng, bao gồm cha đẻ, mẹ
        đẻ,
        vợ
        hoặc chồng, con (con đẻ, con nuôi), người có công nuôi liệt sĩ."
hoc_phi_che_do_chinh_sach,hoc_phi_che_do_chinh_sach.md,by_sentences,Chunk 3,hoc_phi_che_do_chinh_sach::by_sentences::chunk_2,1228,"- Người có công với cách mạng gồm có: (1) Người hoạt động cách mạng trước ngày 01 tháng 01 năm
        1945;
        (2) Người hoạt động cách mạng từ ngày 01 tháng 01 năm 1945 đến ngày khởi nghĩa tháng Tám năm
        1945;
        (3) Liệt sĩ; (4) Bà mẹ Việt Nam anh hùng; (5) Anh hùng Lực lượng vũ trang nhân dân; (6) Anh
        hùng
        Lao
        động trong thời kỳ kháng chiến; (7) Thương binh, bao gồm cả thương binh loại B được công nhận
        trước
        ngày 31 tháng 12 năm 1993; người hưởng chính sách như thương binh; (8) Bệnh binh; (9) Người
        hoạt
        động kháng chiến bị nhiễm chất độc hoá học; (10) Người hoạt động cách mạng, kháng chiến, bảo
        vệ Tổ
        quốc, làm nghĩa vụ quốc tế bị địch bắt tù, đày; (11) Người hoạt động kháng chiến giải phóng
        dân
        tộc,
        bảo vệ Tổ quốc, làm nghĩa vụ quốc tế; (12) Người có công giúp đỡ cách mạng. * Sinh viên bị khuyết tật. * Sinh viên từ 16 đến 22 tuổi, hiện đang học đại học văn bằng thứ nhất thuộc đối tượng được hưởng trợ
      cấp
      hàng tháng theo quy định tại khoản 1 và khoản 2 Điều 5 Nghị định số 20/2021/NĐ-CP ngày 15/03/2021 của
      Chính phủ về chính sách trợ giúp xã hội đối với đối tượng bảo trợ xã hội."
hoc_phi_che_do_chinh_sach,hoc_phi_che_do_chinh_sach.md,by_sentences,Chunk 4,hoc_phi_che_do_chinh_sach::by_sentences::chunk_3,1001,"* Sinh viên là người dân tộc thiểu số có cha hoặc mẹ hoặc cả cha và mẹ hoặc ông bà (trong trường hợp ở
      với
      ông bà) thuộc hộ nghèo và hộ cận nghèo theo quy định của Thủ tướng Chính phủ;
    * Sinh viên là người dân tộc thiểu số rất ít người quy định tại khoản 1 Điều 2 Nghị định số
      57/2017/NĐ-CP
      ngày 09 tháng 5 năm 2017 của Chính phủ quy định chính sách ưu tiên tuyển sinh và hỗ trợ học tập đối
      với
      trẻ mẫu giáo, học sinh, sinh viên dân tộc thiểu số rất ít người ở vùng có điều kiện kinh tế - xã hội
      khó
      khăn hoặc đặc biệt khó khăn theo quy định hiện hành của cơ quan có thẩm quyền. + Cụ thể là sinh viên thuộc một trong 16 dân tộc có số dân dưới 10.000 người sau gọi là dân tộc
        thiểu
        số rất ít người: Cống, Mảng, Pu Péo, Si La, Cờ Lao, Bố Y, La Ha, Ngái, Chứt, Ơ Đu, Brâu, Rơ Măm,
        Lô
        Lô, Lự, Pà Thẻn, La Hủ. * Sinh viên thuộc các đối tượng của các chương trình, đề án được miễn học phí theo quy định của Chính
      phủ."
hoc_phi_che_do_chinh_sach,hoc_phi_che_do_chinh_sach.md,by_sentences,Chunk 5,hoc_phi_che_do_chinh_sach::by_sentences::chunk_4,1278,"- Đối tượng được giảm 70% học phí (theo mức trần học phí hệ chuẩn)

    * Sinh viên là người dân tộc thiểu số (ngoài đối tượng dân tộc thiểu số rất ít người) ở thôn/bản đặc
      biệt
      khó
      khăn, xã khu vực III vùng dân tộc và miền núi, xã đặc biệt khó khăn vùng bãi ngang ven biển hải đảo
      theo
      quy
      định của cơ quan có thẩm quyền. - Đối tượng được giảm 50% học phí (theo mức trần học phí hệ chuẩn)

    * Sinh viên là con cán bộ, công chức, viên chức, công nhân mà cha hoặc mẹ bị tai nạn lao động hoặc mắc
      bệnh nghề
      nghiệp, được hưởng trợ cấp thường xuyên.+ Trợ cấp xã hội

    Các đối tượng đươc nhận trợ cấp xã hội:

    - * Sinh viên là người dân tộc ít người ở vùng cao, vùng đặc biệt
        khó khăn
      * Sinh viên mồ côi cả cha lẫn mẹ và không nơi nương tựa
      * Sinh viên là người tàn tật và gặp khó khăn về kinh tế
      * Sinh viên có hoàn cảnh đặc biệt khó khăn về kinh tế và vượt
        khó học tập

  + Hỗ trợ chi phí học tập

    Các đối tượng được nhận Hỗ trợ chi phí học tập

    - * Sinh viên là người dân tộc thiểu số, đồng thời thỏa mãn 2 tiêu
        chí: Thuộc hộ nghèo/hộ cận nghèo theo quy định của Chính phủ
        và Thi đỗ vào Trường Đại học Công nghệ. * Sinh viên là người dân tộc thiểu số rất ít người."
hoc_phi_che_do_chinh_sach,hoc_phi_che_do_chinh_sach.md,recursive,Chunk 1,hoc_phi_che_do_chinh_sach::recursive::chunk_0,10,"
* Học phí"
hoc_phi_che_do_chinh_sach,hoc_phi_che_do_chinh_sach.md,recursive,Chunk 2,hoc_phi_che_do_chinh_sach::recursive::chunk_1,176,"  + Học phí học lần đầu của hệ chuẩn thu theo tín chỉ, và sẽ thay đổi từng năm theo Nghị định của chính phủ.
  + Học phí học lần đầu của hệ CLC TT23 thu theo niên chế (học kỳ),"
hoc_phi_che_do_chinh_sach,hoc_phi_che_do_chinh_sach.md,recursive,Chunk 3,hoc_phi_che_do_chinh_sach::recursive::chunk_2,183,"    mức học phí ổn định cho toàn khóa học, được công bố từ đầu khóa
    học.
  + Học phí học lần đầu của chương trình ĐMKTKT thu theo niên chế (học kỳ), mức học phí tăng hàng năm theo"
hoc_phi_che_do_chinh_sach,hoc_phi_che_do_chinh_sach.md,recursive,Chunk 4,hoc_phi_che_do_chinh_sach::recursive::chunk_3,118,"    Nghị định của Chính phủ và chính sách tự chủ của Trường.
  + Quy định về việc nộp học phí tại trường ĐH Công nghệ:"
hoc_phi_che_do_chinh_sach,hoc_phi_che_do_chinh_sach.md,recursive,Chunk 5,hoc_phi_che_do_chinh_sach::recursive::chunk_4,121,    [LINK](https://uet.vnu.edu.vn/wp-content/uploads/2021/03/Quy-dinh-ve-viec-nop-hoc-phi-tai-truong-DHCN-2021_final.pdf)
hoc_phi_che_do_chinh_sach,hoc_phi_che_do_chinh_sach.md,recursive,Chunk 6,hoc_phi_che_do_chinh_sach::recursive::chunk_5,178,"  + Học phí học lại, cải thiện, tự chọn tự do tính theo tín chỉ và có thông báo cụ thể cho từng năm học, khác
    nhau với hệ chuẩn, chương trình CLC TT23 và chương trình ĐMKTKT."
hoc_phi_che_do_chinh_sach,hoc_phi_che_do_chinh_sach.md,recursive,Chunk 7,hoc_phi_che_do_chinh_sach::recursive::chunk_6,196,"  + Định mức học phí năm học 2025-2026:
    [LINK](<https://handbook.uet.vnu.edu.vn/Signed.%C4%90%E1%BB%8Bnh%20m%E1%BB%A9c%20h%E1%BB%8Dc%20ph%C3%AD%20n%C4%83m%20h%E1%BB%8Dc%2025-26-2080.dhcn.pdf>)"
hoc_phi_che_do_chinh_sach,hoc_phi_che_do_chinh_sach.md,recursive,Chunk 8,hoc_phi_che_do_chinh_sach::recursive::chunk_7,115,"* Chế độ chính sách  + Miễn giảm học phí

  - Đối tượng được miễn 100% học phí (theo mức trần học phí hệ
    chuẩn)"
hoc_phi_che_do_chinh_sach,hoc_phi_che_do_chinh_sach.md,recursive,Chunk 9,hoc_phi_che_do_chinh_sach::recursive::chunk_8,91,    * Các đối tượng theo quy định tại Pháp lệnh ưu đãi người có công với cách mạng. Cụ thể:
hoc_phi_che_do_chinh_sach,hoc_phi_che_do_chinh_sach.md,recursive,Chunk 10,hoc_phi_che_do_chinh_sach::recursive::chunk_9,113,"      - Điều 3 của Pháp lệnh đã quy định rõ đối tượng hưởng chế độ ưu đãi người có công với cách mạng
        gồm"
hoc_phi_che_do_chinh_sach,hoc_phi_che_do_chinh_sach.md,recursive,Chunk 11,hoc_phi_che_do_chinh_sach::recursive::chunk_10,195,"        người có công với cách mạng và thân nhân của người có công với cách mạng, bao gồm cha đẻ, mẹ
        đẻ,
        vợ
        hoặc chồng, con (con đẻ, con nuôi), người có công nuôi liệt sĩ."
hoc_phi_che_do_chinh_sach,hoc_phi_che_do_chinh_sach.md,recursive,Chunk 12,hoc_phi_che_do_chinh_sach::recursive::chunk_11,114,"      - Người có công với cách mạng gồm có: (1) Người hoạt động cách mạng trước ngày 01 tháng 01 năm
        1945;"
hoc_phi_che_do_chinh_sach,hoc_phi_che_do_chinh_sach.md,recursive,Chunk 13,hoc_phi_che_do_chinh_sach::recursive::chunk_12,114,"        (2) Người hoạt động cách mạng từ ngày 01 tháng 01 năm 1945 đến ngày khởi nghĩa tháng Tám năm
        1945;"
hoc_phi_che_do_chinh_sach,hoc_phi_che_do_chinh_sach.md,recursive,Chunk 14,hoc_phi_che_do_chinh_sach::recursive::chunk_13,124,"        (3) Liệt sĩ; (4) Bà mẹ Việt Nam anh hùng; (5) Anh hùng Lực lượng vũ trang nhân dân; (6) Anh
        hùng
        Lao"
hoc_phi_che_do_chinh_sach,hoc_phi_che_do_chinh_sach.md,recursive,Chunk 15,hoc_phi_che_do_chinh_sach::recursive::chunk_14,115,"        động trong thời kỳ kháng chiến; (7) Thương binh, bao gồm cả thương binh loại B được công nhận
        trước"
hoc_phi_che_do_chinh_sach,hoc_phi_che_do_chinh_sach.md,recursive,Chunk 16,hoc_phi_che_do_chinh_sach::recursive::chunk_15,112,"        ngày 31 tháng 12 năm 1993; người hưởng chính sách như thương binh; (8) Bệnh binh; (9) Người
        hoạt"
hoc_phi_che_do_chinh_sach,hoc_phi_che_do_chinh_sach.md,recursive,Chunk 17,hoc_phi_che_do_chinh_sach::recursive::chunk_16,114,"        động kháng chiến bị nhiễm chất độc hoá học; (10) Người hoạt động cách mạng, kháng chiến, bảo
        vệ Tổ"
hoc_phi_che_do_chinh_sach,hoc_phi_che_do_chinh_sach.md,recursive,Chunk 18,hoc_phi_che_do_chinh_sach::recursive::chunk_17,124,"        quốc, làm nghĩa vụ quốc tế bị địch bắt tù, đày; (11) Người hoạt động kháng chiến giải phóng
        dân
        tộc,"
hoc_phi_che_do_chinh_sach,hoc_phi_che_do_chinh_sach.md,recursive,Chunk 19,hoc_phi_che_do_chinh_sach::recursive::chunk_18,114,"        bảo vệ Tổ quốc, làm nghĩa vụ quốc tế; (12) Người có công giúp đỡ cách mạng.
    * Sinh viên bị khuyết tật."
hoc_phi_che_do_chinh_sach,hoc_phi_che_do_chinh_sach.md,recursive,Chunk 20,hoc_phi_che_do_chinh_sach::recursive::chunk_19,115,"    * Sinh viên từ 16 đến 22 tuổi, hiện đang học đại học văn bằng thứ nhất thuộc đối tượng được hưởng trợ
      cấp"
hoc_phi_che_do_chinh_sach,hoc_phi_che_do_chinh_sach.md,recursive,Chunk 21,hoc_phi_che_do_chinh_sach::recursive::chunk_20,187,"      hàng tháng theo quy định tại khoản 1 và khoản 2 Điều 5 Nghị định số 20/2021/NĐ-CP ngày 15/03/2021 của
      Chính phủ về chính sách trợ giúp xã hội đối với đối tượng bảo trợ xã hội."
hoc_phi_che_do_chinh_sach,hoc_phi_che_do_chinh_sach.md,recursive,Chunk 22,hoc_phi_che_do_chinh_sach::recursive::chunk_21,116,"    * Sinh viên là người dân tộc thiểu số có cha hoặc mẹ hoặc cả cha và mẹ hoặc ông bà (trong trường hợp ở
      với"
hoc_phi_che_do_chinh_sach,hoc_phi_che_do_chinh_sach.md,recursive,Chunk 23,hoc_phi_che_do_chinh_sach::recursive::chunk_22,199,"      ông bà) thuộc hộ nghèo và hộ cận nghèo theo quy định của Thủ tướng Chính phủ;
    * Sinh viên là người dân tộc thiểu số rất ít người quy định tại khoản 1 Điều 2 Nghị định số
      57/2017/NĐ-CP"
hoc_phi_che_do_chinh_sach,hoc_phi_che_do_chinh_sach.md,recursive,Chunk 24,hoc_phi_che_do_chinh_sach::recursive::chunk_23,115,"      ngày 09 tháng 5 năm 2017 của Chính phủ quy định chính sách ưu tiên tuyển sinh và hỗ trợ học tập đối
      với"
hoc_phi_che_do_chinh_sach,hoc_phi_che_do_chinh_sach.md,recursive,Chunk 25,hoc_phi_che_do_chinh_sach::recursive::chunk_24,116,"      trẻ mẫu giáo, học sinh, sinh viên dân tộc thiểu số rất ít người ở vùng có điều kiện kinh tế - xã hội
      khó"
hoc_phi_che_do_chinh_sach,hoc_phi_che_do_chinh_sach.md,recursive,Chunk 26,hoc_phi_che_do_chinh_sach::recursive::chunk_25,84,      khăn hoặc đặc biệt khó khăn theo quy định hiện hành của cơ quan có thẩm quyền.
hoc_phi_che_do_chinh_sach,hoc_phi_che_do_chinh_sach.md,recursive,Chunk 27,hoc_phi_che_do_chinh_sach::recursive::chunk_26,115,"      + Cụ thể là sinh viên thuộc một trong 16 dân tộc có số dân dưới 10.000 người sau gọi là dân tộc
        thiểu"
hoc_phi_che_do_chinh_sach,hoc_phi_che_do_chinh_sach.md,recursive,Chunk 28,hoc_phi_che_do_chinh_sach::recursive::chunk_27,147,"        số rất ít người: Cống, Mảng, Pu Péo, Si La, Cờ Lao, Bố Y, La Ha, Ngái, Chứt, Ơ Đu, Brâu, Rơ Măm,
        Lô
        Lô, Lự, Pà Thẻn, La Hủ."
hoc_phi_che_do_chinh_sach,hoc_phi_che_do_chinh_sach.md,recursive,Chunk 29,hoc_phi_che_do_chinh_sach::recursive::chunk_28,185,"    * Sinh viên thuộc các đối tượng của các chương trình, đề án được miễn học phí theo quy định của Chính
      phủ.
  - Đối tượng được giảm 70% học phí (theo mức trần học phí hệ chuẩn)"
hoc_phi_che_do_chinh_sach,hoc_phi_che_do_chinh_sach.md,recursive,Chunk 30,hoc_phi_che_do_chinh_sach::recursive::chunk_29,125,"    * Sinh viên là người dân tộc thiểu số (ngoài đối tượng dân tộc thiểu số rất ít người) ở thôn/bản đặc
      biệt
      khó"
hoc_phi_che_do_chinh_sach,hoc_phi_che_do_chinh_sach.md,recursive,Chunk 31,hoc_phi_che_do_chinh_sach::recursive::chunk_30,164,"      khăn, xã khu vực III vùng dân tộc và miền núi, xã đặc biệt khó khăn vùng bãi ngang ven biển hải đảo
      theo
      quy
      định của cơ quan có thẩm quyền."
hoc_phi_che_do_chinh_sach,hoc_phi_che_do_chinh_sach.md,recursive,Chunk 32,hoc_phi_che_do_chinh_sach::recursive::chunk_31,68,  - Đối tượng được giảm 50% học phí (theo mức trần học phí hệ chuẩn)
hoc_phi_che_do_chinh_sach,hoc_phi_che_do_chinh_sach.md,recursive,Chunk 33,hoc_phi_che_do_chinh_sach::recursive::chunk_32,185,"    * Sinh viên là con cán bộ, công chức, viên chức, công nhân mà cha hoặc mẹ bị tai nạn lao động hoặc mắc
      bệnh nghề
      nghiệp, được hưởng trợ cấp thường xuyên.+ Trợ cấp xã hội"
hoc_phi_che_do_chinh_sach,hoc_phi_che_do_chinh_sach.md,recursive,Chunk 34,hoc_phi_che_do_chinh_sach::recursive::chunk_33,43,    Các đối tượng đươc nhận trợ cấp xã hội:
hoc_phi_che_do_chinh_sach,hoc_phi_che_do_chinh_sach.md,recursive,Chunk 35,hoc_phi_che_do_chinh_sach::recursive::chunk_34,148,"    - * Sinh viên là người dân tộc ít người ở vùng cao, vùng đặc biệt
        khó khăn
      * Sinh viên mồ côi cả cha lẫn mẹ và không nơi nương tựa"
hoc_phi_che_do_chinh_sach,hoc_phi_che_do_chinh_sach.md,recursive,Chunk 36,hoc_phi_che_do_chinh_sach::recursive::chunk_35,175,"      * Sinh viên là người tàn tật và gặp khó khăn về kinh tế
      * Sinh viên có hoàn cảnh đặc biệt khó khăn về kinh tế và vượt
        khó học tập  + Hỗ trợ chi phí học tập"
hoc_phi_che_do_chinh_sach,hoc_phi_che_do_chinh_sach.md,recursive,Chunk 37,hoc_phi_che_do_chinh_sach::recursive::chunk_36,50,    Các đối tượng được nhận Hỗ trợ chi phí học tập
hoc_phi_che_do_chinh_sach,hoc_phi_che_do_chinh_sach.md,recursive,Chunk 38,hoc_phi_che_do_chinh_sach::recursive::chunk_37,187,"    - * Sinh viên là người dân tộc thiểu số, đồng thời thỏa mãn 2 tiêu
        chí: Thuộc hộ nghèo/hộ cận nghèo theo quy định của Chính phủ
        và Thi đỗ vào Trường Đại học Công nghệ."
hoc_phi_che_do_chinh_sach,hoc_phi_che_do_chinh_sach.md,recursive,Chunk 39,hoc_phi_che_do_chinh_sach::recursive::chunk_38,57,      * Sinh viên là người dân tộc thiểu số rất ít người.
kham_chua_benh,kham_chua_benh.md,fixed_size,Chunk 1,kham_chua_benh::fixed_size::chunk_0,200,"
Bệnh viện Đại học Quốc gia Hà Nội (Hospital of Vietnam National University, Hanoi - tên
viết tắt VNU Hospital) được thành lập từ năm 2011 và đang trong quá trình xây dựng cơ sở vật chất, đầu tư
trang"
kham_chua_benh,kham_chua_benh.md,fixed_size,Chunk 2,kham_chua_benh::fixed_size::chunk_1,200," thiết bị. Bệnh viện Đại học Quốc gia Hà Nội là một trong các Bệnh viện đại học, mô hình mới về đào
tạo, nghiên cứu kết hợp với cung cấp dịch vụ y tế chất lượng cao đáp ứng nhu cầu xã hội, thuộc hệ th"
kham_chua_benh,kham_chua_benh.md,fixed_size,Chunk 3,kham_chua_benh::fixed_size::chunk_2,200,"ống khám
chữa bệnh của Bộ Y tế.

Việc khám chữa bệnh ngoại trú (bao gồm cả khám bảo hiểm và
dịch vụ), khám sức khỏe định
kỳ, khám cấp giấy chứng nhận sức khỏe cho các đơn vị trong nước và người nước n"
kham_chua_benh,kham_chua_benh.md,fixed_size,Chunk 4,kham_chua_benh::fixed_size::chunk_3,200,"goài được Bệnh viện giao cho
Phòng khám đa khoa 182 Lương Thế Vinh (Phòng khám trực thuộc Bệnh viện). Hiện nay, Phòng khám Đa khoa 182
Lương Thế Vinh phục vụ chăm sóc sức khỏe cho hơn 45.000 Cán bộ, G"
kham_chua_benh,kham_chua_benh.md,fixed_size,Chunk 5,kham_chua_benh::fixed_size::chunk_4,200,"iảng viên, Học sinh, Sinh viên trong hệ
thống ĐHQGHN và khu vực dân cư lân cận. Phòng khám Đa khoa 182 Lương Thế Vinh có tư cách pháp nhân, con dấu
và tài khoản riêng và giao cho Bệnh viện ĐHQGHN quản"
kham_chua_benh,kham_chua_benh.md,fixed_size,Chunk 6,kham_chua_benh::fixed_size::chunk_5,200," lý. Ngày 22/07/2013, Bộ y tế đã thẩm định, cấp phép
hoạt động khám, chữa bệnh theo Giấy phép số 02/BYT-GPHĐ; và phê duyệt danh mục 494 kỹ thuật chuyên môn đối
với Phòng khám đa Khoa 182 Lương Thế Vin"
kham_chua_benh,kham_chua_benh.md,fixed_size,Chunk 7,kham_chua_benh::fixed_size::chunk_6,200,"h trực thuộc ĐHQGHN theo Quyết định số 2631/QĐ-BYT ngày 22/07/2013
của Bộ trưởng Bộ y tế.

Việc khám sức khỏe của sinh viên mới nhập học, sinh viên chuẩn
bị tốt nghiệp và khám chữa
bệnh của sinh viên "
kham_chua_benh,kham_chua_benh.md,fixed_size,Chunk 8,kham_chua_benh::fixed_size::chunk_7,200,"trong ĐHQGHN nói chung và sinh viên Trường Đại học Công nghệ nói riêng sẽ được thực hiện
tại Bệnh viện ĐHQGHN.

Thông tin liên quan đến bảo hiểm y tế, bảo hiểm
thân thể, thủ tục khám chữa bệnh và than"
kham_chua_benh,kham_chua_benh.md,fixed_size,Chunk 9,kham_chua_benh::fixed_size::chunk_8,200,"h toán quyền lợi bảo hiểm, sinh viên liên hệ với phòng CTSV theo số
ĐT: 024 3754 8864 hoặc cô Bùi Thị
Thu Hương theo email: huongbtt@vnu.edu.vn.

Cơ sở 1: Phòng khám đa khoa 182 Lương
Thế Vinh

Địa ch"
kham_chua_benh,kham_chua_benh.md,fixed_size,Chunk 10,kham_chua_benh::fixed_size::chunk_9,200,"ỉ: 182 Lương Thế Vinh, Thanh Xuân, Hà Nội

Số điện thoại: 0243 554
4833

Cơ sở 2: Cơ sở khám chữa bệnh Phạm Văn
Đồng

Địa chỉ: Số 2 Phạm Văn Đồng, Cầu Giấy, Hà Nội

Số điện thoại: 0243 754
9559

Chi t"
kham_chua_benh,kham_chua_benh.md,fixed_size,Chunk 11,kham_chua_benh::fixed_size::chunk_10,198,"iết xem tại: [http://bvdhqghn.vn/](http://bvdhqghn.vn/)

Phòng 104-E3, 144 Xuân Thủy, Cầu Giấy, Hà Nội

Email: ctsv\_dhcn@vnu.edu.vn

ĐT: 02437548864

Biên tập: Phòng CTSV

Thiết kế: SV Trường ĐHCN
"
kham_chua_benh,kham_chua_benh.md,by_sentences,Chunk 1,kham_chua_benh::by_sentences::chunk_0,699,"Bệnh viện Đại học Quốc gia Hà Nội (Hospital of Vietnam National University, Hanoi - tên
viết tắt VNU Hospital) được thành lập từ năm 2011 và đang trong quá trình xây dựng cơ sở vật chất, đầu tư
trang thiết bị. Bệnh viện Đại học Quốc gia Hà Nội là một trong các Bệnh viện đại học, mô hình mới về đào
tạo, nghiên cứu kết hợp với cung cấp dịch vụ y tế chất lượng cao đáp ứng nhu cầu xã hội, thuộc hệ thống khám
chữa bệnh của Bộ Y tế. Việc khám chữa bệnh ngoại trú (bao gồm cả khám bảo hiểm và
dịch vụ), khám sức khỏe định
kỳ, khám cấp giấy chứng nhận sức khỏe cho các đơn vị trong nước và người nước ngoài được Bệnh viện giao cho
Phòng khám đa khoa 182 Lương Thế Vinh (Phòng khám trực thuộc Bệnh viện)."
kham_chua_benh,kham_chua_benh.md,by_sentences,Chunk 2,kham_chua_benh::by_sentences::chunk_1,587,"Hiện nay, Phòng khám Đa khoa 182
Lương Thế Vinh phục vụ chăm sóc sức khỏe cho hơn 45.000 Cán bộ, Giảng viên, Học sinh, Sinh viên trong hệ
thống ĐHQGHN và khu vực dân cư lân cận. Phòng khám Đa khoa 182 Lương Thế Vinh có tư cách pháp nhân, con dấu
và tài khoản riêng và giao cho Bệnh viện ĐHQGHN quản lý. Ngày 22/07/2013, Bộ y tế đã thẩm định, cấp phép
hoạt động khám, chữa bệnh theo Giấy phép số 02/BYT-GPHĐ; và phê duyệt danh mục 494 kỹ thuật chuyên môn đối
với Phòng khám đa Khoa 182 Lương Thế Vinh trực thuộc ĐHQGHN theo Quyết định số 2631/QĐ-BYT ngày 22/07/2013
của Bộ trưởng Bộ y tế."
kham_chua_benh,kham_chua_benh.md,by_sentences,Chunk 3,kham_chua_benh::by_sentences::chunk_2,904,"Việc khám sức khỏe của sinh viên mới nhập học, sinh viên chuẩn
bị tốt nghiệp và khám chữa
bệnh của sinh viên trong ĐHQGHN nói chung và sinh viên Trường Đại học Công nghệ nói riêng sẽ được thực hiện
tại Bệnh viện ĐHQGHN. Thông tin liên quan đến bảo hiểm y tế, bảo hiểm
thân thể, thủ tục khám chữa bệnh và thanh toán quyền lợi bảo hiểm, sinh viên liên hệ với phòng CTSV theo số
ĐT: 024 3754 8864 hoặc cô Bùi Thị
Thu Hương theo email: huongbtt@vnu.edu.vn. Cơ sở 1: Phòng khám đa khoa 182 Lương
Thế Vinh

Địa chỉ: 182 Lương Thế Vinh, Thanh Xuân, Hà Nội

Số điện thoại: 0243 554
4833

Cơ sở 2: Cơ sở khám chữa bệnh Phạm Văn
Đồng

Địa chỉ: Số 2 Phạm Văn Đồng, Cầu Giấy, Hà Nội

Số điện thoại: 0243 754
9559

Chi tiết xem tại: [http://bvdhqghn.vn/](http://bvdhqghn.vn/)

Phòng 104-E3, 144 Xuân Thủy, Cầu Giấy, Hà Nội

Email: ctsv\_dhcn@vnu.edu.vn

ĐT: 02437548864

Biên tập: Phòng CTSV

Thiết kế: SV Trường ĐHCN"
kham_chua_benh,kham_chua_benh.md,recursive,Chunk 1,kham_chua_benh::recursive::chunk_0,194,"
Bệnh viện Đại học Quốc gia Hà Nội (Hospital of Vietnam National University, Hanoi - tên
viết tắt VNU Hospital) được thành lập từ năm 2011 và đang trong quá trình xây dựng cơ sở vật chất, đầu tư"
kham_chua_benh,kham_chua_benh.md,recursive,Chunk 2,kham_chua_benh::recursive::chunk_1,104,"trang thiết bị. Bệnh viện Đại học Quốc gia Hà Nội là một trong các Bệnh viện đại học, mô hình mới về đào"
kham_chua_benh,kham_chua_benh.md,recursive,Chunk 3,kham_chua_benh::recursive::chunk_2,131,"tạo, nghiên cứu kết hợp với cung cấp dịch vụ y tế chất lượng cao đáp ứng nhu cầu xã hội, thuộc hệ thống khám
chữa bệnh của Bộ Y tế."
kham_chua_benh,kham_chua_benh.md,recursive,Chunk 4,kham_chua_benh::recursive::chunk_3,195,"Việc khám chữa bệnh ngoại trú (bao gồm cả khám bảo hiểm và
dịch vụ), khám sức khỏe định
kỳ, khám cấp giấy chứng nhận sức khỏe cho các đơn vị trong nước và người nước ngoài được Bệnh viện giao cho"
kham_chua_benh,kham_chua_benh.md,recursive,Chunk 5,kham_chua_benh::recursive::chunk_4,105,"Phòng khám đa khoa 182 Lương Thế Vinh (Phòng khám trực thuộc Bệnh viện). Hiện nay, Phòng khám Đa khoa 182"
kham_chua_benh,kham_chua_benh.md,recursive,Chunk 6,kham_chua_benh::recursive::chunk_5,104,"Lương Thế Vinh phục vụ chăm sóc sức khỏe cho hơn 45.000 Cán bộ, Giảng viên, Học sinh, Sinh viên trong hệ"
kham_chua_benh,kham_chua_benh.md,recursive,Chunk 7,kham_chua_benh::recursive::chunk_6,107,"thống ĐHQGHN và khu vực dân cư lân cận. Phòng khám Đa khoa 182 Lương Thế Vinh có tư cách pháp nhân, con dấu"
kham_chua_benh,kham_chua_benh.md,recursive,Chunk 8,kham_chua_benh::recursive::chunk_7,104,"và tài khoản riêng và giao cho Bệnh viện ĐHQGHN quản lý. Ngày 22/07/2013, Bộ y tế đã thẩm định, cấp phép"
kham_chua_benh,kham_chua_benh.md,recursive,Chunk 9,kham_chua_benh::recursive::chunk_8,106,"hoạt động khám, chữa bệnh theo Giấy phép số 02/BYT-GPHĐ; và phê duyệt danh mục 494 kỹ thuật chuyên môn đối"
kham_chua_benh,kham_chua_benh.md,recursive,Chunk 10,kham_chua_benh::recursive::chunk_9,129,"với Phòng khám đa Khoa 182 Lương Thế Vinh trực thuộc ĐHQGHN theo Quyết định số 2631/QĐ-BYT ngày 22/07/2013
của Bộ trưởng Bộ y tế."
kham_chua_benh,kham_chua_benh.md,recursive,Chunk 11,kham_chua_benh::recursive::chunk_10,197,"Việc khám sức khỏe của sinh viên mới nhập học, sinh viên chuẩn
bị tốt nghiệp và khám chữa
bệnh của sinh viên trong ĐHQGHN nói chung và sinh viên Trường Đại học Công nghệ nói riêng sẽ được thực hiện"
kham_chua_benh,kham_chua_benh.md,recursive,Chunk 12,kham_chua_benh::recursive::chunk_11,21,tại Bệnh viện ĐHQGHN.
kham_chua_benh,kham_chua_benh.md,recursive,Chunk 13,kham_chua_benh::recursive::chunk_12,189,"Thông tin liên quan đến bảo hiểm y tế, bảo hiểm
thân thể, thủ tục khám chữa bệnh và thanh toán quyền lợi bảo hiểm, sinh viên liên hệ với phòng CTSV theo số
ĐT: 024 3754 8864 hoặc cô Bùi Thị"
kham_chua_benh,kham_chua_benh.md,recursive,Chunk 14,kham_chua_benh::recursive::chunk_13,167,"Thu Hương theo email: huongbtt@vnu.edu.vn.Cơ sở 1: Phòng khám đa khoa 182 Lương
Thế Vinh

Địa chỉ: 182 Lương Thế Vinh, Thanh Xuân, Hà Nội

Số điện thoại: 0243 554
4833"
kham_chua_benh,kham_chua_benh.md,recursive,Chunk 15,kham_chua_benh::recursive::chunk_14,182,"Cơ sở 2: Cơ sở khám chữa bệnh Phạm Văn
Đồng

Địa chỉ: Số 2 Phạm Văn Đồng, Cầu Giấy, Hà Nội

Số điện thoại: 0243 754
9559

Chi tiết xem tại: [http://bvdhqghn.vn/](http://bvdhqghn.vn/)"
kham_chua_benh,kham_chua_benh.md,recursive,Chunk 16,kham_chua_benh::recursive::chunk_15,140,"Phòng 104-E3, 144 Xuân Thủy, Cầu Giấy, Hà Nội

Email: ctsv\_dhcn@vnu.edu.vn

ĐT: 02437548864

Biên tập: Phòng CTSV

Thiết kế: SV Trường ĐHCN"
ky_tuc_xa,ky_tuc_xa.md,fixed_size,Chunk 1,ky_tuc_xa::fixed_size::chunk_0,200,"
Ký túc xá là cơ sở dùng chung trong toàn ĐHQGHN do Trung tâm hỗ trợ sinh viên của ĐHQGHN
quản lý. Có 3 khu Ký túc xá: Ký túc xá Mễ Trì tại địa chỉ 182 Lương Thế Vinh (phục vụ cho sinh viên các
Trường"
ky_tuc_xa,ky_tuc_xa.md,fixed_size,Chunk 2,ky_tuc_xa::fixed_size::chunk_1,200," ĐH Khoa học Tự nhiên, ĐH Khoa học Xã hội và Nhân văn); Ký túc xá Ngoại Ngữ tại địa chỉ 144 Xuân Thủy
(gần khuôn viên UET) phục vụ cho các Trường ĐH Ngoại Ngữ, ĐH Công nghệ, ĐH Kinh tế, Khoa Luật…; Ký"
ky_tuc_xa,ky_tuc_xa.md,fixed_size,Chunk 3,ky_tuc_xa::fixed_size::chunk_2,200," túc xá Mỹ
Đình tại địa chỉ đường Hàm Nghi, gần sân vận động Mỹ Đình (cách UET 2 km) phụ vụ cho các trường ở khu vực
144 Xuân Thủy, trong đó có Trường ĐH Công nghệ. Hàng năm, Ký túc xá Ngoại Ngữ dành "
ky_tuc_xa,ky_tuc_xa.md,fixed_size,Chunk 4,ky_tuc_xa::fixed_size::chunk_3,200,"khoảng 300 suất cho sinh
viên của Trường ĐH Công nghệ, ưu tiên cho các đối tượng con em chính sách, vùng sâu vùng xa, biên giới hải
đảo, dân tộc thiểu số…Ký túc xá Mỹ Đình dành khoảng 500 suất cho mọi"
ky_tuc_xa,ky_tuc_xa.md,fixed_size,Chunk 5,ky_tuc_xa::fixed_size::chunk_4,200," đối tượng sinh viên của Trường ĐH Công
nghệ có nhu cầu.
Chi tiết sinh viên xem tại các đường link sau:

Chi tiết sinh viên xem tại đường link sau:

[http://css.vnu.edu.vn/](http://css.vnu.edu.vn/)

!"
ky_tuc_xa,ky_tuc_xa.md,fixed_size,Chunk 6,ky_tuc_xa::fixed_size::chunk_5,200,"[](./Ký túc xá_files/ktxnn.jpg)
![](./Ký túc xá_files/ktxmd.jpg)

Phòng 104-E3, 144 Xuân Thủy, Cầu Giấy, Hà Nội

Email: ctsv\_dhcn@vnu.edu.vn

ĐT: 02437548864

Biên tập: Phòng CTSV

Thiết kế: SV Trườn"
ky_tuc_xa,ky_tuc_xa.md,fixed_size,Chunk 7,ky_tuc_xa::fixed_size::chunk_6,7,"g ĐHCN
"
ky_tuc_xa,ky_tuc_xa.md,by_sentences,Chunk 1,ky_tuc_xa::by_sentences::chunk_0,855,"Ký túc xá là cơ sở dùng chung trong toàn ĐHQGHN do Trung tâm hỗ trợ sinh viên của ĐHQGHN
quản lý. Có 3 khu Ký túc xá: Ký túc xá Mễ Trì tại địa chỉ 182 Lương Thế Vinh (phục vụ cho sinh viên các
Trường ĐH Khoa học Tự nhiên, ĐH Khoa học Xã hội và Nhân văn); Ký túc xá Ngoại Ngữ tại địa chỉ 144 Xuân Thủy
(gần khuôn viên UET) phục vụ cho các Trường ĐH Ngoại Ngữ, ĐH Công nghệ, ĐH Kinh tế, Khoa Luật…; Ký túc xá Mỹ
Đình tại địa chỉ đường Hàm Nghi, gần sân vận động Mỹ Đình (cách UET 2 km) phụ vụ cho các trường ở khu vực
144 Xuân Thủy, trong đó có Trường ĐH Công nghệ. Hàng năm, Ký túc xá Ngoại Ngữ dành khoảng 300 suất cho sinh
viên của Trường ĐH Công nghệ, ưu tiên cho các đối tượng con em chính sách, vùng sâu vùng xa, biên giới hải
đảo, dân tộc thiểu số…Ký túc xá Mỹ Đình dành khoảng 500 suất cho mọi đối tượng sinh viên của Trường ĐH Công
nghệ có nhu cầu."
ky_tuc_xa,ky_tuc_xa.md,by_sentences,Chunk 2,ky_tuc_xa::by_sentences::chunk_1,349,"Chi tiết sinh viên xem tại các đường link sau:

Chi tiết sinh viên xem tại đường link sau:

[http://css.vnu.edu.vn/](http://css.vnu.edu.vn/)

![](./Ký túc xá_files/ktxnn.jpg)
![](./Ký túc xá_files/ktxmd.jpg)

Phòng 104-E3, 144 Xuân Thủy, Cầu Giấy, Hà Nội

Email: ctsv\_dhcn@vnu.edu.vn

ĐT: 02437548864

Biên tập: Phòng CTSV

Thiết kế: SV Trường ĐHCN"
ky_tuc_xa,ky_tuc_xa.md,recursive,Chunk 1,ky_tuc_xa::recursive::chunk_0,193,"
Ký túc xá là cơ sở dùng chung trong toàn ĐHQGHN do Trung tâm hỗ trợ sinh viên của ĐHQGHN
quản lý. Có 3 khu Ký túc xá: Ký túc xá Mễ Trì tại địa chỉ 182 Lương Thế Vinh (phục vụ cho sinh viên các"
ky_tuc_xa,ky_tuc_xa.md,recursive,Chunk 2,ky_tuc_xa::recursive::chunk_1,107,"Trường ĐH Khoa học Tự nhiên, ĐH Khoa học Xã hội và Nhân văn); Ký túc xá Ngoại Ngữ tại địa chỉ 144 Xuân Thủy"
ky_tuc_xa,ky_tuc_xa.md,recursive,Chunk 3,ky_tuc_xa::recursive::chunk_2,108,"(gần khuôn viên UET) phục vụ cho các Trường ĐH Ngoại Ngữ, ĐH Công nghệ, ĐH Kinh tế, Khoa Luật…; Ký túc xá Mỹ"
ky_tuc_xa,ky_tuc_xa.md,recursive,Chunk 4,ky_tuc_xa::recursive::chunk_3,105,"Đình tại địa chỉ đường Hàm Nghi, gần sân vận động Mỹ Đình (cách UET 2 km) phụ vụ cho các trường ở khu vực"
ky_tuc_xa,ky_tuc_xa.md,recursive,Chunk 5,ky_tuc_xa::recursive::chunk_4,107,"144 Xuân Thủy, trong đó có Trường ĐH Công nghệ. Hàng năm, Ký túc xá Ngoại Ngữ dành khoảng 300 suất cho sinh"
ky_tuc_xa,ky_tuc_xa.md,recursive,Chunk 6,ky_tuc_xa::recursive::chunk_5,106,"viên của Trường ĐH Công nghệ, ưu tiên cho các đối tượng con em chính sách, vùng sâu vùng xa, biên giới hải"
ky_tuc_xa,ky_tuc_xa.md,recursive,Chunk 7,ky_tuc_xa::recursive::chunk_6,171,"đảo, dân tộc thiểu số…Ký túc xá Mỹ Đình dành khoảng 500 suất cho mọi đối tượng sinh viên của Trường ĐH Công
nghệ có nhu cầu.
Chi tiết sinh viên xem tại các đường link sau:"
ky_tuc_xa,ky_tuc_xa.md,recursive,Chunk 8,ky_tuc_xa::recursive::chunk_7,159,"Chi tiết sinh viên xem tại đường link sau:

[http://css.vnu.edu.vn/](http://css.vnu.edu.vn/)

![](./Ký túc xá_files/ktxnn.jpg)
![](./Ký túc xá_files/ktxmd.jpg)"
ky_tuc_xa,ky_tuc_xa.md,recursive,Chunk 9,ky_tuc_xa::recursive::chunk_8,140,"Phòng 104-E3, 144 Xuân Thủy, Cầu Giấy, Hà Nội

Email: ctsv\_dhcn@vnu.edu.vn

ĐT: 02437548864

Biên tập: Phòng CTSV

Thiết kế: SV Trường ĐHCN"
lich_su_truyen_thong,lich_su_truyen_thong.md,fixed_size,Chunk 1,lich_su_truyen_thong::fixed_size::chunk_0,200,"
Lịch sử hình thành và phát triển của Trường Đại học Công nghệ

* Ngày 18/10/1999: Thành lập Khoa Công nghệ tiền thân của Trường ĐH Công nghệ sau này.
* Ngày 25/05/2004: Thành lập Trường ĐH Công nghệ "
lich_su_truyen_thong,lich_su_truyen_thong.md,fixed_size,Chunk 2,lich_su_truyen_thong::fixed_size::chunk_1,200,"trên cơ sở Khoa Công nghệ.

[Chi tiết](https://uet.vnu.edu.vn/lich-su/)

Giá trị cốt lõi

Đổi mới sáng tạo

Hợp tác

Chất lượng cao

Nhân văn

Khẩu hiệu hành động

“Creative Thinking for the Future”

"
lich_su_truyen_thong,lich_su_truyen_thong.md,fixed_size,Chunk 3,lich_su_truyen_thong::fixed_size::chunk_2,200,"Quy tắc ứng xử của người học

![positive-vote.png](./Lịch sử - Truyền thống_files/positive-vote.png)

* Thực hiện văn hóa UET theo các giá trị cốt lõi.
* Trang phục gọn gàng, lịch sự, mang theo thẻ SV"
lich_su_truyen_thong,lich_su_truyen_thong.md,fixed_size,Chunk 4,lich_su_truyen_thong::fixed_size::chunk_3,200," khi đến trường.
* Xếp hàng khi giao dịch, tham gia các hoạt động.
* Có thái độ hòa nhã, khiêm tốn, kính trọng, lễ phép và tôn trọng người khác.
* Không hút thuốc, sử dụng các chất kích thích, chất ch"
lich_su_truyen_thong,lich_su_truyen_thong.md,fixed_size,Chunk 5,lich_su_truyen_thong::fixed_size::chunk_4,200,"áy nổ, không tham gia các hoạt động
  tệ
  nạn xã hội.
* Đi học đúng giờ và không làm việc riêng trong lớp học.
* Không xả rác trong khuôn viên Nhà trường và trong phòng học, có ý thức bảo vệ môi
  tr"
lich_su_truyen_thong,lich_su_truyen_thong.md,fixed_size,Chunk 6,lich_su_truyen_thong::fixed_size::chunk_5,200,"ường.
* Có ý thức giữ gìn, bảo quản tài sản chung (cứng và mềm).

![positive-vote.png](./Lịch sử - Truyền thống_files/positive-vote.png)

* Chấp hành tốt mọi nội quy và quy chế, nộp học phí đúng thời "
lich_su_truyen_thong,lich_su_truyen_thong.md,fixed_size,Chunk 7,lich_su_truyen_thong::fixed_size::chunk_6,200,"gian quy định.
* Không xúc phạm, quấy rối người khác dưới mọi hình thức.
* Không truyền bá tôn giáo, không tham gia các hoạt động trái pháp luật.
* Không sử dụng mạng xã hội để đưa tin sai sự thật.
* "
lich_su_truyen_thong,lich_su_truyen_thong.md,fixed_size,Chunk 8,lich_su_truyen_thong::fixed_size::chunk_7,200,"Đoàn kết, tận tình hỗ trợ và giúp đỡ người khác.
* Tích cực, tự giác và chủ động trong các hoạt động học tập và nghiên cứu.
* Trung thực, nghiêm túc trong thi cử, báo cáo và các hoạt động liên quan đế"
lich_su_truyen_thong,lich_su_truyen_thong.md,fixed_size,Chunk 9,lich_su_truyen_thong::fixed_size::chunk_8,74,"n học thuật.
* Kiên quyết đấu tranh chống lại hành vi tiêu cực, gian lận.
"
lich_su_truyen_thong,lich_su_truyen_thong.md,by_sentences,Chunk 1,lich_su_truyen_thong::by_sentences::chunk_0,549,"Lịch sử hình thành và phát triển của Trường Đại học Công nghệ

* Ngày 18/10/1999: Thành lập Khoa Công nghệ tiền thân của Trường ĐH Công nghệ sau này. * Ngày 25/05/2004: Thành lập Trường ĐH Công nghệ trên cơ sở Khoa Công nghệ. [Chi tiết](https://uet.vnu.edu.vn/lich-su/)

Giá trị cốt lõi

Đổi mới sáng tạo

Hợp tác

Chất lượng cao

Nhân văn

Khẩu hiệu hành động

“Creative Thinking for the Future”

Quy tắc ứng xử của người học

![positive-vote.png](./Lịch sử - Truyền thống_files/positive-vote.png)

* Thực hiện văn hóa UET theo các giá trị cốt lõi."
lich_su_truyen_thong,lich_su_truyen_thong.md,by_sentences,Chunk 2,lich_su_truyen_thong::by_sentences::chunk_1,192,"* Trang phục gọn gàng, lịch sự, mang theo thẻ SV khi đến trường. * Xếp hàng khi giao dịch, tham gia các hoạt động. * Có thái độ hòa nhã, khiêm tốn, kính trọng, lễ phép và tôn trọng người khác."
lich_su_truyen_thong,lich_su_truyen_thong.md,by_sentences,Chunk 3,lich_su_truyen_thong::by_sentences::chunk_2,260,"* Không hút thuốc, sử dụng các chất kích thích, chất cháy nổ, không tham gia các hoạt động
  tệ
  nạn xã hội. * Đi học đúng giờ và không làm việc riêng trong lớp học. * Không xả rác trong khuôn viên Nhà trường và trong phòng học, có ý thức bảo vệ môi
  trường."
lich_su_truyen_thong,lich_su_truyen_thong.md,by_sentences,Chunk 4,lich_su_truyen_thong::by_sentences::chunk_3,265,"* Có ý thức giữ gìn, bảo quản tài sản chung (cứng và mềm). ![positive-vote.png](./Lịch sử - Truyền thống_files/positive-vote.png)

* Chấp hành tốt mọi nội quy và quy chế, nộp học phí đúng thời gian quy định. * Không xúc phạm, quấy rối người khác dưới mọi hình thức."
lich_su_truyen_thong,lich_su_truyen_thong.md,by_sentences,Chunk 5,lich_su_truyen_thong::by_sentences::chunk_4,175,"* Không truyền bá tôn giáo, không tham gia các hoạt động trái pháp luật. * Không sử dụng mạng xã hội để đưa tin sai sự thật. * Đoàn kết, tận tình hỗ trợ và giúp đỡ người khác."
lich_su_truyen_thong,lich_su_truyen_thong.md,by_sentences,Chunk 6,lich_su_truyen_thong::by_sentences::chunk_5,224,"* Tích cực, tự giác và chủ động trong các hoạt động học tập và nghiên cứu. * Trung thực, nghiêm túc trong thi cử, báo cáo và các hoạt động liên quan đến học thuật. * Kiên quyết đấu tranh chống lại hành vi tiêu cực, gian lận."
lich_su_truyen_thong,lich_su_truyen_thong.md,recursive,Chunk 1,lich_su_truyen_thong::recursive::chunk_0,62,"
Lịch sử hình thành và phát triển của Trường Đại học Công nghệ"
lich_su_truyen_thong,lich_su_truyen_thong.md,recursive,Chunk 2,lich_su_truyen_thong::recursive::chunk_1,162,"* Ngày 18/10/1999: Thành lập Khoa Công nghệ tiền thân của Trường ĐH Công nghệ sau này.
* Ngày 25/05/2004: Thành lập Trường ĐH Công nghệ trên cơ sở Khoa Công nghệ."
lich_su_truyen_thong,lich_su_truyen_thong.md,recursive,Chunk 3,lich_su_truyen_thong::recursive::chunk_2,170,"[Chi tiết](https://uet.vnu.edu.vn/lich-su/)

Giá trị cốt lõi

Đổi mới sáng tạo

Hợp tác

Chất lượng cao

Nhân văn

Khẩu hiệu hành động

“Creative Thinking for the Future”"
lich_su_truyen_thong,lich_su_truyen_thong.md,recursive,Chunk 4,lich_su_truyen_thong::recursive::chunk_3,100,"Quy tắc ứng xử của người học

![positive-vote.png](./Lịch sử - Truyền thống_files/positive-vote.png)"
lich_su_truyen_thong,lich_su_truyen_thong.md,recursive,Chunk 5,lich_su_truyen_thong::recursive::chunk_4,164,"* Thực hiện văn hóa UET theo các giá trị cốt lõi.
* Trang phục gọn gàng, lịch sự, mang theo thẻ SV khi đến trường.
* Xếp hàng khi giao dịch, tham gia các hoạt động."
lich_su_truyen_thong,lich_su_truyen_thong.md,recursive,Chunk 6,lich_su_truyen_thong::recursive::chunk_5,187,"* Có thái độ hòa nhã, khiêm tốn, kính trọng, lễ phép và tôn trọng người khác.
* Không hút thuốc, sử dụng các chất kích thích, chất cháy nổ, không tham gia các hoạt động
  tệ
  nạn xã hội."
lich_su_truyen_thong,lich_su_truyen_thong.md,recursive,Chunk 7,lich_su_truyen_thong::recursive::chunk_6,150,"* Đi học đúng giờ và không làm việc riêng trong lớp học.
* Không xả rác trong khuôn viên Nhà trường và trong phòng học, có ý thức bảo vệ môi
  trường."
lich_su_truyen_thong,lich_su_truyen_thong.md,recursive,Chunk 8,lich_su_truyen_thong::recursive::chunk_7,128,"* Có ý thức giữ gìn, bảo quản tài sản chung (cứng và mềm).![positive-vote.png](./Lịch sử - Truyền thống_files/positive-vote.png)"
lich_su_truyen_thong,lich_su_truyen_thong.md,recursive,Chunk 9,lich_su_truyen_thong::recursive::chunk_8,134,"* Chấp hành tốt mọi nội quy và quy chế, nộp học phí đúng thời gian quy định.
* Không xúc phạm, quấy rối người khác dưới mọi hình thức."
lich_su_truyen_thong,lich_su_truyen_thong.md,recursive,Chunk 10,lich_su_truyen_thong::recursive::chunk_9,175,"* Không truyền bá tôn giáo, không tham gia các hoạt động trái pháp luật.
* Không sử dụng mạng xã hội để đưa tin sai sự thật.
* Đoàn kết, tận tình hỗ trợ và giúp đỡ người khác."
lich_su_truyen_thong,lich_su_truyen_thong.md,recursive,Chunk 11,lich_su_truyen_thong::recursive::chunk_10,163,"* Tích cực, tự giác và chủ động trong các hoạt động học tập và nghiên cứu.
* Trung thực, nghiêm túc trong thi cử, báo cáo và các hoạt động liên quan đến học thuật."
lich_su_truyen_thong,lich_su_truyen_thong.md,recursive,Chunk 12,lich_su_truyen_thong::recursive::chunk_11,60,"* Kiên quyết đấu tranh chống lại hành vi tiêu cực, gian lận."
thong_tin_lien_he,thong_tin_lien_he.md,fixed_size,Chunk 1,thong_tin_lien_he::fixed_size::chunk_0,200,"
1) Phòng Đào tạo:

Phòng 105 – Nhà E3.

Email: daotao\_dhcn@vnu.edu.vn

Điện thoại: (024) 3202
6858

2) Phòng Công tác sinh viên:

Phòng 104 – Nhà E3.

Email: ctsv\_dhcn@vnu.edu.vn

Điện thoại cơ sở "
thong_tin_lien_he,thong_tin_lien_he.md,fixed_size,Chunk 2,thong_tin_lien_he::fixed_size::chunk_1,200,"Xuân Thủy: (024) 3754
8864

Điện thoại cơ sở Hòa Lạc:      0886 241 976

[https://www.facebook.com/PhongCTSV.DHCN.VNU](https://www.facebook.com/PhongCTSV.DHCN.VNU)

3) Phòng Kế hoạch Tài chính:

Phòng"
thong_tin_lien_he,thong_tin_lien_he.md,fixed_size,Chunk 3,thong_tin_lien_he::fixed_size::chunk_2,200," 101 – Nhà E3.

Điện thoại: (024) 3754
9401

4) Trung tâm Đại học số:

Nhà G2B, 144 Xuân Thủy, Cầu Giấy, Hà Nội.

Điện thoại: (024) 3754
7463

Website: [http://ccne.uet.vnu.edu.vn/](http://ccne.uet.vn"
thong_tin_lien_he,thong_tin_lien_he.md,fixed_size,Chunk 4,thong_tin_lien_he::fixed_size::chunk_3,200,"u.edu.vn/)

5) Khoa Công nghệ thông tin:

Địa chỉ: Phòng 301 – Nhà E3, 144 Xuân Thủy, Cầu Giấy, Hà Nội.

Điện thoại: (024) 3754
7064

Website: [http://fit.uet.vnu.edu.vn/](http://fit.uet.vnu.edu.vn/)
"
thong_tin_lien_he,thong_tin_lien_he.md,fixed_size,Chunk 5,thong_tin_lien_he::fixed_size::chunk_4,200,"
6) Khoa Điện tử viễn thông:

Địa chỉ: Phòng 205-Nhà G2, 144 Xuân Thủy, Cầu Giấy, Hà Nội.

Điện thoại: (024) 3754
9338 Fax: (024) 3754 9338

Email: dtvt@vnu.edu.vn

7) Khoa Cơ học kỹ thuật và Tự động "
thong_tin_lien_he,thong_tin_lien_he.md,fixed_size,Chunk 6,thong_tin_lien_he::fixed_size::chunk_5,200,"hóa:

Cơ sở 1: Phòng 311, Nhà G2, 144 Xuân Thủy, Cầu Giấy, Hà Nội

Cơ sở 2: Tầng 4, 5 – Nhà C, Viện Cơ học số 264 Đội Cấn, Ba Đình, Hà Nội.

Website: [http://fema.uet.vnu.edu.vn/](http://fema.uet.vnu."
thong_tin_lien_he,thong_tin_lien_he.md,fixed_size,Chunk 7,thong_tin_lien_he::fixed_size::chunk_6,200,"edu.vn/)

Điện thoại: (024) 3754
9431

8) Khoa Vật lý kỹ thuật và Công nghệ nano:

Địa chỉ: Phòng 2.2 – Nhà E4, 144 Xuân Thủy, Cầu Giấy, Hà Nội.

Điện thoại: (024) 3754
9429

Email: vlkt-cnnn@vnu.edu."
thong_tin_lien_he,thong_tin_lien_he.md,fixed_size,Chunk 8,thong_tin_lien_he::fixed_size::chunk_7,200,"vn

Website: [http://fepn.uet.vnu.edu.vn/](http://fepn.uet.vnu.edu.vn/)

9) Khoa Công nghệ nông nghiệp:

Phòng 312, Nhà G2, 144 Xuân Thủy, Cầu Giấy, Hà Nội.

Website: [http://www.fat.uet.vnu.edu.vn/]("
thong_tin_lien_he,thong_tin_lien_he.md,fixed_size,Chunk 9,thong_tin_lien_he::fixed_size::chunk_8,200,"http://www.fat.uet.vnu.edu.vn/)

Điện thoại: (024) 3212
3709

10) Viện Công nghệ hàng không vũ trụ:

Địa chỉ: Phòng 314 – Nhà G2 – 144 Xuân Thủy – Cầu Giấy – Hà Nội.

Điện thoại: (024) 3754
9337

Điện"
thong_tin_lien_he,thong_tin_lien_he.md,fixed_size,Chunk 10,thong_tin_lien_he::fixed_size::chunk_9,200," thoại: (024) 3754
9337

Email: sae@vnu.edu.vn

Website: [http://sae.uet.vnu.edu.vn/](http://sae.uet.vnu.edu.vn/)

11) Khoa Công nghệ xây dựng – giao thông:

Địa chỉ: Phòng 710, Nhà E3, 144 Xuân Thủy,"
thong_tin_lien_he,thong_tin_lien_he.md,fixed_size,Chunk 11,thong_tin_lien_he::fixed_size::chunk_10,200," Cầu Giấy, Hà Nội.

Điện thoại: (024) 3227
2837

Website Khoa: [http://cte.uet.vnu.edu.vn](http://cte.uet.vnu.edu.vn/)

Website PTN: [http://amslab.uet.vnu.edu.vn](http://amslab.uet.vnu.edu.vn/)

12) "
thong_tin_lien_he,thong_tin_lien_he.md,fixed_size,Chunk 12,thong_tin_lien_he::fixed_size::chunk_11,200,"Viện Trí tuệ nhân tạo

Địa chỉ: Phòng 315, Nhà G2, 144 Xuân Thủy, Cầu Giấy, Hà Nội

Điện thoại: (+84) 098 725
1295

Website Viện: [https://uet.vnu.edu.vn/category/vien-tri-tue-nhan-tao/](https://uet.v"
thong_tin_lien_he,thong_tin_lien_he.md,fixed_size,Chunk 13,thong_tin_lien_he::fixed_size::chunk_12,197,"nu.edu.vn/category/vien-tri-tue-nhan-tao/)

![](./Thông tin liên hệ_files/thongtinlienhe1.jpg)
![](./Thông tin liên hệ_files/thongtinlienhe2.jpg)
![](./Thông tin liên hệ_files/thongtinlienhe3.jpg)
"
thong_tin_lien_he,thong_tin_lien_he.md,by_sentences,Chunk 1,thong_tin_lien_he::by_sentences::chunk_0,411,"1) Phòng Đào tạo:

Phòng 105 – Nhà E3. Email: daotao\_dhcn@vnu.edu.vn

Điện thoại: (024) 3202
6858

2) Phòng Công tác sinh viên:

Phòng 104 – Nhà E3. Email: ctsv\_dhcn@vnu.edu.vn

Điện thoại cơ sở Xuân Thủy: (024) 3754
8864

Điện thoại cơ sở Hòa Lạc:      0886 241 976

[https://www.facebook.com/PhongCTSV.DHCN.VNU](https://www.facebook.com/PhongCTSV.DHCN.VNU)

3) Phòng Kế hoạch Tài chính:

Phòng 101 – Nhà E3."
thong_tin_lien_he,thong_tin_lien_he.md,by_sentences,Chunk 2,thong_tin_lien_he::by_sentences::chunk_1,471,"Điện thoại: (024) 3754
9401

4) Trung tâm Đại học số:

Nhà G2B, 144 Xuân Thủy, Cầu Giấy, Hà Nội. Điện thoại: (024) 3754
7463

Website: [http://ccne.uet.vnu.edu.vn/](http://ccne.uet.vnu.edu.vn/)

5) Khoa Công nghệ thông tin:

Địa chỉ: Phòng 301 – Nhà E3, 144 Xuân Thủy, Cầu Giấy, Hà Nội. Điện thoại: (024) 3754
7064

Website: [http://fit.uet.vnu.edu.vn/](http://fit.uet.vnu.edu.vn/)

6) Khoa Điện tử viễn thông:

Địa chỉ: Phòng 205-Nhà G2, 144 Xuân Thủy, Cầu Giấy, Hà Nội."
thong_tin_lien_he,thong_tin_lien_he.md,by_sentences,Chunk 3,thong_tin_lien_he::by_sentences::chunk_2,663,"Điện thoại: (024) 3754
9338 Fax: (024) 3754 9338

Email: dtvt@vnu.edu.vn

7) Khoa Cơ học kỹ thuật và Tự động hóa:

Cơ sở 1: Phòng 311, Nhà G2, 144 Xuân Thủy, Cầu Giấy, Hà Nội

Cơ sở 2: Tầng 4, 5 – Nhà C, Viện Cơ học số 264 Đội Cấn, Ba Đình, Hà Nội. Website: [http://fema.uet.vnu.edu.vn/](http://fema.uet.vnu.edu.vn/)

Điện thoại: (024) 3754
9431

8) Khoa Vật lý kỹ thuật và Công nghệ nano:

Địa chỉ: Phòng 2.2 – Nhà E4, 144 Xuân Thủy, Cầu Giấy, Hà Nội. Điện thoại: (024) 3754
9429

Email: vlkt-cnnn@vnu.edu.vn

Website: [http://fepn.uet.vnu.edu.vn/](http://fepn.uet.vnu.edu.vn/)

9) Khoa Công nghệ nông nghiệp:

Phòng 312, Nhà G2, 144 Xuân Thủy, Cầu Giấy, Hà Nội."
thong_tin_lien_he,thong_tin_lien_he.md,by_sentences,Chunk 4,thong_tin_lien_he::by_sentences::chunk_3,1036,"Website: [http://www.fat.uet.vnu.edu.vn/](http://www.fat.uet.vnu.edu.vn/)

Điện thoại: (024) 3212
3709

10) Viện Công nghệ hàng không vũ trụ:

Địa chỉ: Phòng 314 – Nhà G2 – 144 Xuân Thủy – Cầu Giấy – Hà Nội. Điện thoại: (024) 3754
9337

Điện thoại: (024) 3754
9337

Email: sae@vnu.edu.vn

Website: [http://sae.uet.vnu.edu.vn/](http://sae.uet.vnu.edu.vn/)

11) Khoa Công nghệ xây dựng – giao thông:

Địa chỉ: Phòng 710, Nhà E3, 144 Xuân Thủy, Cầu Giấy, Hà Nội. Điện thoại: (024) 3227
2837

Website Khoa: [http://cte.uet.vnu.edu.vn](http://cte.uet.vnu.edu.vn/)

Website PTN: [http://amslab.uet.vnu.edu.vn](http://amslab.uet.vnu.edu.vn/)

12) Viện Trí tuệ nhân tạo

Địa chỉ: Phòng 315, Nhà G2, 144 Xuân Thủy, Cầu Giấy, Hà Nội

Điện thoại: (+84) 098 725
1295

Website Viện: [https://uet.vnu.edu.vn/category/vien-tri-tue-nhan-tao/](https://uet.vnu.edu.vn/category/vien-tri-tue-nhan-tao/)

![](./Thông tin liên hệ_files/thongtinlienhe1.jpg)
![](./Thông tin liên hệ_files/thongtinlienhe2.jpg)
![](./Thông tin liên hệ_files/thongtinlienhe3.jpg)"
thong_tin_lien_he,thong_tin_lien_he.md,recursive,Chunk 1,thong_tin_lien_he::recursive::chunk_0,181,"
1) Phòng Đào tạo:

Phòng 105 – Nhà E3.

Email: daotao\_dhcn@vnu.edu.vn

Điện thoại: (024) 3202
6858

2) Phòng Công tác sinh viên:

Phòng 104 – Nhà E3.

Email: ctsv\_dhcn@vnu.edu.vn"
thong_tin_lien_he,thong_tin_lien_he.md,recursive,Chunk 2,thong_tin_lien_he::recursive::chunk_1,180,"Điện thoại cơ sở Xuân Thủy: (024) 3754
8864

Điện thoại cơ sở Hòa Lạc:      0886 241 976

[https://www.facebook.com/PhongCTSV.DHCN.VNU](https://www.facebook.com/PhongCTSV.DHCN.VNU)"
thong_tin_lien_he,thong_tin_lien_he.md,recursive,Chunk 3,thong_tin_lien_he::recursive::chunk_2,176,"3) Phòng Kế hoạch Tài chính:

Phòng 101 – Nhà E3.

Điện thoại: (024) 3754
9401

4) Trung tâm Đại học số:

Nhà G2B, 144 Xuân Thủy, Cầu Giấy, Hà Nội.

Điện thoại: (024) 3754
7463"
thong_tin_lien_he,thong_tin_lien_he.md,recursive,Chunk 4,thong_tin_lien_he::recursive::chunk_3,189,"Website: [http://ccne.uet.vnu.edu.vn/](http://ccne.uet.vnu.edu.vn/)

5) Khoa Công nghệ thông tin:

Địa chỉ: Phòng 301 – Nhà E3, 144 Xuân Thủy, Cầu Giấy, Hà Nội.

Điện thoại: (024) 3754
7064"
thong_tin_lien_he,thong_tin_lien_he.md,recursive,Chunk 5,thong_tin_lien_he::recursive::chunk_4,155,"Website: [http://fit.uet.vnu.edu.vn/](http://fit.uet.vnu.edu.vn/)

6) Khoa Điện tử viễn thông:

Địa chỉ: Phòng 205-Nhà G2, 144 Xuân Thủy, Cầu Giấy, Hà Nội."
thong_tin_lien_he,thong_tin_lien_he.md,recursive,Chunk 6,thong_tin_lien_he::recursive::chunk_5,174,"Điện thoại: (024) 3754
9338 Fax: (024) 3754 9338

Email: dtvt@vnu.edu.vn

7) Khoa Cơ học kỹ thuật và Tự động hóa:

Cơ sở 1: Phòng 311, Nhà G2, 144 Xuân Thủy, Cầu Giấy, Hà Nội"
thong_tin_lien_he,thong_tin_lien_he.md,recursive,Chunk 7,thong_tin_lien_he::recursive::chunk_6,170,"Cơ sở 2: Tầng 4, 5 – Nhà C, Viện Cơ học số 264 Đội Cấn, Ba Đình, Hà Nội.

Website: [http://fema.uet.vnu.edu.vn/](http://fema.uet.vnu.edu.vn/)

Điện thoại: (024) 3754
9431"
thong_tin_lien_he,thong_tin_lien_he.md,recursive,Chunk 8,thong_tin_lien_he::recursive::chunk_7,163,"8) Khoa Vật lý kỹ thuật và Công nghệ nano:

Địa chỉ: Phòng 2.2 – Nhà E4, 144 Xuân Thủy, Cầu Giấy, Hà Nội.

Điện thoại: (024) 3754
9429

Email: vlkt-cnnn@vnu.edu.vn"
thong_tin_lien_he,thong_tin_lien_he.md,recursive,Chunk 9,thong_tin_lien_he::recursive::chunk_8,152,"Website: [http://fepn.uet.vnu.edu.vn/](http://fepn.uet.vnu.edu.vn/)

9) Khoa Công nghệ nông nghiệp:

Phòng 312, Nhà G2, 144 Xuân Thủy, Cầu Giấy, Hà Nội."
thong_tin_lien_he,thong_tin_lien_he.md,recursive,Chunk 10,thong_tin_lien_he::recursive::chunk_9,141,"Website: [http://www.fat.uet.vnu.edu.vn/](http://www.fat.uet.vnu.edu.vn/)

Điện thoại: (024) 3212
3709

10) Viện Công nghệ hàng không vũ trụ:"
thong_tin_lien_he,thong_tin_lien_he.md,recursive,Chunk 11,thong_tin_lien_he::recursive::chunk_10,145,"Địa chỉ: Phòng 314 – Nhà G2 – 144 Xuân Thủy – Cầu Giấy – Hà Nội.

Điện thoại: (024) 3754
9337

Điện thoại: (024) 3754
9337

Email: sae@vnu.edu.vn"
thong_tin_lien_he,thong_tin_lien_he.md,recursive,Chunk 12,thong_tin_lien_he::recursive::chunk_11,170,"Website: [http://sae.uet.vnu.edu.vn/](http://sae.uet.vnu.edu.vn/)

11) Khoa Công nghệ xây dựng – giao thông:

Địa chỉ: Phòng 710, Nhà E3, 144 Xuân Thủy, Cầu Giấy, Hà Nội."
thong_tin_lien_he,thong_tin_lien_he.md,recursive,Chunk 13,thong_tin_lien_he::recursive::chunk_12,174,"Điện thoại: (024) 3227
2837

Website Khoa: [http://cte.uet.vnu.edu.vn](http://cte.uet.vnu.edu.vn/)

Website PTN: [http://amslab.uet.vnu.edu.vn](http://amslab.uet.vnu.edu.vn/)"
thong_tin_lien_he,thong_tin_lien_he.md,recursive,Chunk 14,thong_tin_lien_he::recursive::chunk_13,118,"12) Viện Trí tuệ nhân tạo

Địa chỉ: Phòng 315, Nhà G2, 144 Xuân Thủy, Cầu Giấy, Hà Nội

Điện thoại: (+84) 098 725
1295"
thong_tin_lien_he,thong_tin_lien_he.md,recursive,Chunk 15,thong_tin_lien_he::recursive::chunk_14,126,Website Viện: [https://uet.vnu.edu.vn/category/vien-tri-tue-nhan-tao/](https://uet.vnu.edu.vn/category/vien-tri-tue-nhan-tao/)
thong_tin_lien_he,thong_tin_lien_he.md,recursive,Chunk 16,thong_tin_lien_he::recursive::chunk_15,152,"![](./Thông tin liên hệ_files/thongtinlienhe1.jpg)
![](./Thông tin liên hệ_files/thongtinlienhe2.jpg)
![](./Thông tin liên hệ_files/thongtinlienhe3.jpg)"
thu_tuc_hanh_chinh_mot_cua,thu_tuc_hanh_chinh_mot_cua.md,fixed_size,Chunk 1,thu_tuc_hanh_chinh_mot_cua::fixed_size::chunk_0,200,"![logo](./Thủ tục hành chính một cửa_files/logo.png)

[Lịch sử - Truyển
thống](https://handbook.uet.vnu.edu.vn/l%E1%BB%8Bch%20s%E1%BB%AD%20-%20truy%E1%BB%81n%20th%E1%BB%91ng/)

Học tập

[Thư viện UET]"
thu_tuc_hanh_chinh_mot_cua,thu_tuc_hanh_chinh_mot_cua.md,fixed_size,Chunk 2,thu_tuc_hanh_chinh_mot_cua::fixed_size::chunk_1,200,"(https://handbook.uet.vnu.edu.vn/Th%C6%B0%20vi%E1%BB%87n/)
[Nội quy - Quy chế](https://handbook.uet.vnu.edu.vn/N%E1%BB%99i%20quy%20-%20quy%20ch%E1%BA%BF/)
[Kế hoạch học tập](https://handbook.uet.vnu.e"
thu_tuc_hanh_chinh_mot_cua,thu_tuc_hanh_chinh_mot_cua.md,fixed_size,Chunk 3,thu_tuc_hanh_chinh_mot_cua::fixed_size::chunk_2,200,"du.vn/K%E1%BA%BF%20ho%E1%BA%A1ch%20h%E1%BB%8Dc%20t%E1%BA%ADp%202025-2026.pdf)
[Tra
cứu chuẩn đầu ra](https://vnueduvn-my.sharepoint.com/%3Ax%3A/g/personal/dungnn09_vnu_edu_vn/Ea_6pFpGWIRJlMrQVsBX7hEBG"
thu_tuc_hanh_chinh_mot_cua,thu_tuc_hanh_chinh_mot_cua.md,fixed_size,Chunk 4,thu_tuc_hanh_chinh_mot_cua::fixed_size::chunk_3,200,"hWjl9Xuo6M0gOpVmvUg5A?rtime=Uh-O2Pii3Eg)

Dành cho sinh viên

[Đặt lịch đối thoại - Đặt câu hỏi](https://ctsv.uet.vnu.edu.vn:3300/)
[Học bổng - Điểm rèn luyện](https://handbook.uet.vnu.edu.vn/H%E1%BB%"
thu_tuc_hanh_chinh_mot_cua,thu_tuc_hanh_chinh_mot_cua.md,fixed_size,Chunk 5,thu_tuc_hanh_chinh_mot_cua::fixed_size::chunk_4,200,"8Dc%20b%E1%BB%95ng/)
[Tuyển dụng - Việc làm](https://vieclam.uet.vnu.edu.vn/)
[Ký túc xá](https://handbook.uet.vnu.edu.vn/K%C3%BD%20t%C3%BAc%20x%C3%A1/)
[Khám chữa bệnh](https://handbook.uet.vnu.edu.v"
thu_tuc_hanh_chinh_mot_cua,thu_tuc_hanh_chinh_mot_cua.md,fixed_size,Chunk 6,thu_tuc_hanh_chinh_mot_cua::fixed_size::chunk_5,200,"n/Kh%C3%A1m%20ch%E1%BB%AFa%20b%E1%BB%87nh/)
[Thực tập - Thực tế](https://handbook.uet.vnu.edu.vn/Th%E1%BB%B1c%20t%E1%BA%ADp%20th%E1%BB%B1c%20t%E1%BA%BF/)
[Trao đổi sinh viên](https://handbook.uet.vnu."
thu_tuc_hanh_chinh_mot_cua,thu_tuc_hanh_chinh_mot_cua.md,fixed_size,Chunk 7,thu_tuc_hanh_chinh_mot_cua::fixed_size::chunk_6,200,"edu.vn/Trao%20%C4%91%E1%BB%95i%20sinh%20vi%C3%AAn/)
[Học phí - Chế độ chính sách](https://handbook.uet.vnu.edu.vn/H%E1%BB%8Dc%20ph%C3%AD%20-%20Ch%E1%BA%BF%20%C4%91%E1%BB%99%20ch%C3%ADnh%20s%C3%A1ch/)
"
thu_tuc_hanh_chinh_mot_cua,thu_tuc_hanh_chinh_mot_cua.md,fixed_size,Chunk 8,thu_tuc_hanh_chinh_mot_cua::fixed_size::chunk_7,200,"[Thủ tục hành chính một cửa](https://handbook.uet.vnu.edu.vn/Th%E1%BB%A7%20t%E1%BB%A5c%20h%C3%A0nh%20ch%C3%ADnh%20m%E1%BB%99t%20c%E1%BB%ADa/)
[Các cổng thông tin hữu ích](https://handbook.uet.vnu.edu."
thu_tuc_hanh_chinh_mot_cua,thu_tuc_hanh_chinh_mot_cua.md,fixed_size,Chunk 9,thu_tuc_hanh_chinh_mot_cua::fixed_size::chunk_8,200,"vn/c%C3%A1c%20c%E1%BB%95ng%20th%C3%B4ng%20tin%20h%E1%BB%AFu%20%C3%ADch/)
[Thông tin nhà trọ](https://ctsv.uet.vnu.edu.vn:3100/)
[Thông tin về Đoàn - Hội](https://handbook.uet.vnu.edu.vn/Ho%E1%BA%A1t%2"
thu_tuc_hanh_chinh_mot_cua,thu_tuc_hanh_chinh_mot_cua.md,fixed_size,Chunk 10,thu_tuc_hanh_chinh_mot_cua::fixed_size::chunk_9,200,"0%C4%91%E1%BB%99ng%20%C4%90o%C3%A0n-H%E1%BB%99i/)

Dành cho HV/NCS

[Thông báo](https://uet.vnu.edu.vn/category/dao-tao/dao-tao-sau-dai-hoc/)
[Văn bản, biểu mẫu](https://uet.vnu.edu.vn/category/van-ba"
thu_tuc_hanh_chinh_mot_cua,thu_tuc_hanh_chinh_mot_cua.md,fixed_size,Chunk 11,thu_tuc_hanh_chinh_mot_cua::fixed_size::chunk_10,200,"n-bieu-mau/)
[Nội
quy – Quy chế](https://drive.google.com/drive/folders/1_WNbru-310wnBAKRCwA5Xy2l9thzlIiy?usp=sharing)
[Kế
hoạch học tập](https://drive.google.com/drive/folders/1FceKtQE3qS3l1rlqxrQedT"
thu_tuc_hanh_chinh_mot_cua,thu_tuc_hanh_chinh_mot_cua.md,fixed_size,Chunk 12,thu_tuc_hanh_chinh_mot_cua::fixed_size::chunk_11,200,"YQ17AL1lvg?usp=sharing)
[Định
mức học phí](https://drive.google.com/file/d/1veVCVwmIe6nhwX5X4EER_WcsIApyK11f/view?usp=sharing)

[Cẩm nang sức
khỏe](https://handbook.uet.vnu.edu.vn/C%E1%BA%A9m%20nang%2"
thu_tuc_hanh_chinh_mot_cua,thu_tuc_hanh_chinh_mot_cua.md,fixed_size,Chunk 13,thu_tuc_hanh_chinh_mot_cua::fixed_size::chunk_12,200,"0s%E1%BB%A9c%20kh%E1%BB%8Fe%20tinh%20th%E1%BA%A7n%20cho%20SV%20%281%29.pdf)

[Khảo sát
người học](https://ctsv.uet.vnu.edu.vn:4000/login)

[Thông tin liên hệ](https://handbook.uet.vnu.edu.vn/Th%C3%B4n"
thu_tuc_hanh_chinh_mot_cua,thu_tuc_hanh_chinh_mot_cua.md,fixed_size,Chunk 14,thu_tuc_hanh_chinh_mot_cua::fixed_size::chunk_13,200,"g%20tin%20li%C3%AAn%20h%E1%BB%87/)

## Sinh viên sử dụng tài khoản UETMAIL đăng nhập : <http://student.uet.vnu.edu.vn/>

Đây là cổng thông tin một cửa giúp sinh viên tương tác với Phòng công tác sinh "
thu_tuc_hanh_chinh_mot_cua,thu_tuc_hanh_chinh_mot_cua.md,fixed_size,Chunk 15,thu_tuc_hanh_chinh_mot_cua::fixed_size::chunk_14,200,"viên
thông qua bộ phận tiếp người học mà không cần đến trực tiếp (Giao tiếp Online): nộp hoặc xin các thủ tục
giấy tờ như: hồ sơ nhập học, giấy chứng nhận, bảng
điểm, các thủ tục ngừng nghỉ thôi học, "
thu_tuc_hanh_chinh_mot_cua,thu_tuc_hanh_chinh_mot_cua.md,fixed_size,Chunk 16,thu_tuc_hanh_chinh_mot_cua::fixed_size::chunk_15,200,"thẻ sinh viên, thẻ xe buýt, thẻ ngân hàng, khai cập nhật thông
tin…

![](./Thủ tục hành chính một cửa_files/thutuc.jpg)

![](./Thủ tục hành chính một cửa_files/thutuchanhchinhmotcua.jpg)

Phòng 104-E3"
thu_tuc_hanh_chinh_mot_cua,thu_tuc_hanh_chinh_mot_cua.md,fixed_size,Chunk 17,thu_tuc_hanh_chinh_mot_cua::fixed_size::chunk_16,128,", 144 Xuân Thủy, Cầu Giấy, Hà Nội

Email: ctsv\_dhcn@vnu.edu.vn

ĐT: 02437548864

Biên tập: Phòng CTSV

Thiết kế: SV Trường ĐHCN"
thu_tuc_hanh_chinh_mot_cua,thu_tuc_hanh_chinh_mot_cua.md,by_sentences,Chunk 1,thu_tuc_hanh_chinh_mot_cua::by_sentences::chunk_0,3328,"![logo](./Thủ tục hành chính một cửa_files/logo.png)

[Lịch sử - Truyển
thống](https://handbook.uet.vnu.edu.vn/l%E1%BB%8Bch%20s%E1%BB%AD%20-%20truy%E1%BB%81n%20th%E1%BB%91ng/)

Học tập

[Thư viện UET](https://handbook.uet.vnu.edu.vn/Th%C6%B0%20vi%E1%BB%87n/)
[Nội quy - Quy chế](https://handbook.uet.vnu.edu.vn/N%E1%BB%99i%20quy%20-%20quy%20ch%E1%BA%BF/)
[Kế hoạch học tập](https://handbook.uet.vnu.edu.vn/K%E1%BA%BF%20ho%E1%BA%A1ch%20h%E1%BB%8Dc%20t%E1%BA%ADp%202025-2026.pdf)
[Tra
cứu chuẩn đầu ra](https://vnueduvn-my.sharepoint.com/%3Ax%3A/g/personal/dungnn09_vnu_edu_vn/Ea_6pFpGWIRJlMrQVsBX7hEBGhWjl9Xuo6M0gOpVmvUg5A?rtime=Uh-O2Pii3Eg)

Dành cho sinh viên

[Đặt lịch đối thoại - Đặt câu hỏi](https://ctsv.uet.vnu.edu.vn:3300/)
[Học bổng - Điểm rèn luyện](https://handbook.uet.vnu.edu.vn/H%E1%BB%8Dc%20b%E1%BB%95ng/)
[Tuyển dụng - Việc làm](https://vieclam.uet.vnu.edu.vn/)
[Ký túc xá](https://handbook.uet.vnu.edu.vn/K%C3%BD%20t%C3%BAc%20x%C3%A1/)
[Khám chữa bệnh](https://handbook.uet.vnu.edu.vn/Kh%C3%A1m%20ch%E1%BB%AFa%20b%E1%BB%87nh/)
[Thực tập - Thực tế](https://handbook.uet.vnu.edu.vn/Th%E1%BB%B1c%20t%E1%BA%ADp%20th%E1%BB%B1c%20t%E1%BA%BF/)
[Trao đổi sinh viên](https://handbook.uet.vnu.edu.vn/Trao%20%C4%91%E1%BB%95i%20sinh%20vi%C3%AAn/)
[Học phí - Chế độ chính sách](https://handbook.uet.vnu.edu.vn/H%E1%BB%8Dc%20ph%C3%AD%20-%20Ch%E1%BA%BF%20%C4%91%E1%BB%99%20ch%C3%ADnh%20s%C3%A1ch/)
[Thủ tục hành chính một cửa](https://handbook.uet.vnu.edu.vn/Th%E1%BB%A7%20t%E1%BB%A5c%20h%C3%A0nh%20ch%C3%ADnh%20m%E1%BB%99t%20c%E1%BB%ADa/)
[Các cổng thông tin hữu ích](https://handbook.uet.vnu.edu.vn/c%C3%A1c%20c%E1%BB%95ng%20th%C3%B4ng%20tin%20h%E1%BB%AFu%20%C3%ADch/)
[Thông tin nhà trọ](https://ctsv.uet.vnu.edu.vn:3100/)
[Thông tin về Đoàn - Hội](https://handbook.uet.vnu.edu.vn/Ho%E1%BA%A1t%20%C4%91%E1%BB%99ng%20%C4%90o%C3%A0n-H%E1%BB%99i/)

Dành cho HV/NCS

[Thông báo](https://uet.vnu.edu.vn/category/dao-tao/dao-tao-sau-dai-hoc/)
[Văn bản, biểu mẫu](https://uet.vnu.edu.vn/category/van-ban-bieu-mau/)
[Nội
quy – Quy chế](https://drive.google.com/drive/folders/1_WNbru-310wnBAKRCwA5Xy2l9thzlIiy?usp=sharing)
[Kế
hoạch học tập](https://drive.google.com/drive/folders/1FceKtQE3qS3l1rlqxrQedTYQ17AL1lvg?usp=sharing)
[Định
mức học phí](https://drive.google.com/file/d/1veVCVwmIe6nhwX5X4EER_WcsIApyK11f/view?usp=sharing)

[Cẩm nang sức
khỏe](https://handbook.uet.vnu.edu.vn/C%E1%BA%A9m%20nang%20s%E1%BB%A9c%20kh%E1%BB%8Fe%20tinh%20th%E1%BA%A7n%20cho%20SV%20%281%29.pdf)

[Khảo sát
người học](https://ctsv.uet.vnu.edu.vn:4000/login)

[Thông tin liên hệ](https://handbook.uet.vnu.edu.vn/Th%C3%B4ng%20tin%20li%C3%AAn%20h%E1%BB%87/)

## Sinh viên sử dụng tài khoản UETMAIL đăng nhập : <http://student.uet.vnu.edu.vn/>

Đây là cổng thông tin một cửa giúp sinh viên tương tác với Phòng công tác sinh viên
thông qua bộ phận tiếp người học mà không cần đến trực tiếp (Giao tiếp Online): nộp hoặc xin các thủ tục
giấy tờ như: hồ sơ nhập học, giấy chứng nhận, bảng
điểm, các thủ tục ngừng nghỉ thôi học, thẻ sinh viên, thẻ xe buýt, thẻ ngân hàng, khai cập nhật thông
tin…

![](./Thủ tục hành chính một cửa_files/thutuc.jpg)

![](./Thủ tục hành chính một cửa_files/thutuchanhchinhmotcua.jpg)

Phòng 104-E3, 144 Xuân Thủy, Cầu Giấy, Hà Nội

Email: ctsv\_dhcn@vnu.edu.vn

ĐT: 02437548864

Biên tập: Phòng CTSV

Thiết kế: SV Trường ĐHCN"
thu_tuc_hanh_chinh_mot_cua,thu_tuc_hanh_chinh_mot_cua.md,recursive,Chunk 1,thu_tuc_hanh_chinh_mot_cua::recursive::chunk_0,184,"![logo](./Thủ tục hành chính một cửa_files/logo.png)

[Lịch sử - Truyển
thống](https://handbook.uet.vnu.edu.vn/l%E1%BB%8Bch%20s%E1%BB%AD%20-%20truy%E1%BB%81n%20th%E1%BB%91ng/)

Học tập"
thu_tuc_hanh_chinh_mot_cua,thu_tuc_hanh_chinh_mot_cua.md,recursive,Chunk 2,thu_tuc_hanh_chinh_mot_cua::recursive::chunk_1,168,"[Thư viện UET](https://handbook.uet.vnu.edu.vn/Th%C6%B0%20vi%E1%BB%87n/)
[Nội quy - Quy chế](https://handbook.uet.vnu.edu.vn/N%E1%BB%99i%20quy%20-%20quy%20ch%E1%BA%BF/)"
thu_tuc_hanh_chinh_mot_cua,thu_tuc_hanh_chinh_mot_cua.md,recursive,Chunk 3,thu_tuc_hanh_chinh_mot_cua::recursive::chunk_2,127,"[Kế hoạch học tập](https://handbook.uet.vnu.edu.vn/K%E1%BA%BF%20ho%E1%BA%A1ch%20h%E1%BB%8Dc%20t%E1%BA%ADp%202025-2026.pdf)
[Tra"
thu_tuc_hanh_chinh_mot_cua,thu_tuc_hanh_chinh_mot_cua.md,recursive,Chunk 4,thu_tuc_hanh_chinh_mot_cua::recursive::chunk_3,175,cứu chuẩn đầu ra](https://vnueduvn-my.sharepoint.com/%3Ax%3A/g/personal/dungnn09_vnu_edu_vn/Ea_6pFpGWIRJlMrQVsBX7hEBGhWjl9Xuo6M0gOpVmvUg5A?rtime=Uh-O2Pii3Eg)Dành cho sinh viên
thu_tuc_hanh_chinh_mot_cua,thu_tuc_hanh_chinh_mot_cua.md,recursive,Chunk 5,thu_tuc_hanh_chinh_mot_cua::recursive::chunk_4,158,"[Đặt lịch đối thoại - Đặt câu hỏi](https://ctsv.uet.vnu.edu.vn:3300/)
[Học bổng - Điểm rèn luyện](https://handbook.uet.vnu.edu.vn/H%E1%BB%8Dc%20b%E1%BB%95ng/)"
thu_tuc_hanh_chinh_mot_cua,thu_tuc_hanh_chinh_mot_cua.md,recursive,Chunk 6,thu_tuc_hanh_chinh_mot_cua::recursive::chunk_5,131,"[Tuyển dụng - Việc làm](https://vieclam.uet.vnu.edu.vn/)
[Ký túc xá](https://handbook.uet.vnu.edu.vn/K%C3%BD%20t%C3%BAc%20x%C3%A1/)"
thu_tuc_hanh_chinh_mot_cua,thu_tuc_hanh_chinh_mot_cua.md,recursive,Chunk 7,thu_tuc_hanh_chinh_mot_cua::recursive::chunk_6,90,[Khám chữa bệnh](https://handbook.uet.vnu.edu.vn/Kh%C3%A1m%20ch%E1%BB%AFa%20b%E1%BB%87nh/)
thu_tuc_hanh_chinh_mot_cua,thu_tuc_hanh_chinh_mot_cua.md,recursive,Chunk 8,thu_tuc_hanh_chinh_mot_cua::recursive::chunk_7,109,[Thực tập - Thực tế](https://handbook.uet.vnu.edu.vn/Th%E1%BB%B1c%20t%E1%BA%ADp%20th%E1%BB%B1c%20t%E1%BA%BF/)
thu_tuc_hanh_chinh_mot_cua,thu_tuc_hanh_chinh_mot_cua.md,recursive,Chunk 9,thu_tuc_hanh_chinh_mot_cua::recursive::chunk_8,97,[Trao đổi sinh viên](https://handbook.uet.vnu.edu.vn/Trao%20%C4%91%E1%BB%95i%20sinh%20vi%C3%AAn/)
thu_tuc_hanh_chinh_mot_cua,thu_tuc_hanh_chinh_mot_cua.md,recursive,Chunk 10,thu_tuc_hanh_chinh_mot_cua::recursive::chunk_9,147,[Học phí - Chế độ chính sách](https://handbook.uet.vnu.edu.vn/H%E1%BB%8Dc%20ph%C3%AD%20-%20Ch%E1%BA%BF%20%C4%91%E1%BB%99%20ch%C3%ADnh%20s%C3%A1ch/)
thu_tuc_hanh_chinh_mot_cua,thu_tuc_hanh_chinh_mot_cua.md,recursive,Chunk 11,thu_tuc_hanh_chinh_mot_cua::recursive::chunk_10,141,[Thủ tục hành chính một cửa](https://handbook.uet.vnu.edu.vn/Th%E1%BB%A7%20t%E1%BB%A5c%20h%C3%A0nh%20ch%C3%ADnh%20m%E1%BB%99t%20c%E1%BB%ADa/)
thu_tuc_hanh_chinh_mot_cua,thu_tuc_hanh_chinh_mot_cua.md,recursive,Chunk 12,thu_tuc_hanh_chinh_mot_cua::recursive::chunk_11,185,"[Các cổng thông tin hữu ích](https://handbook.uet.vnu.edu.vn/c%C3%A1c%20c%E1%BB%95ng%20th%C3%B4ng%20tin%20h%E1%BB%AFu%20%C3%ADch/)
[Thông tin nhà trọ](https://ctsv.uet.vnu.edu.vn:3100/)"
thu_tuc_hanh_chinh_mot_cua,thu_tuc_hanh_chinh_mot_cua.md,recursive,Chunk 13,thu_tuc_hanh_chinh_mot_cua::recursive::chunk_12,136,[Thông tin về Đoàn - Hội](https://handbook.uet.vnu.edu.vn/Ho%E1%BA%A1t%20%C4%91%E1%BB%99ng%20%C4%90o%C3%A0n-H%E1%BB%99i/)Dành cho HV/NCS
thu_tuc_hanh_chinh_mot_cua,thu_tuc_hanh_chinh_mot_cua.md,recursive,Chunk 14,thu_tuc_hanh_chinh_mot_cua::recursive::chunk_13,149,"[Thông báo](https://uet.vnu.edu.vn/category/dao-tao/dao-tao-sau-dai-hoc/)
[Văn bản, biểu mẫu](https://uet.vnu.edu.vn/category/van-ban-bieu-mau/)
[Nội"
thu_tuc_hanh_chinh_mot_cua,thu_tuc_hanh_chinh_mot_cua.md,recursive,Chunk 15,thu_tuc_hanh_chinh_mot_cua::recursive::chunk_14,104,"quy – Quy chế](https://drive.google.com/drive/folders/1_WNbru-310wnBAKRCwA5Xy2l9thzlIiy?usp=sharing)
[Kế"
thu_tuc_hanh_chinh_mot_cua,thu_tuc_hanh_chinh_mot_cua.md,recursive,Chunk 16,thu_tuc_hanh_chinh_mot_cua::recursive::chunk_15,106,"hoạch học tập](https://drive.google.com/drive/folders/1FceKtQE3qS3l1rlqxrQedTYQ17AL1lvg?usp=sharing)
[Định"
thu_tuc_hanh_chinh_mot_cua,thu_tuc_hanh_chinh_mot_cua.md,recursive,Chunk 17,thu_tuc_hanh_chinh_mot_cua::recursive::chunk_16,96,mức học phí](https://drive.google.com/file/d/1veVCVwmIe6nhwX5X4EER_WcsIApyK11f/view?usp=sharing)
thu_tuc_hanh_chinh_mot_cua,thu_tuc_hanh_chinh_mot_cua.md,recursive,Chunk 18,thu_tuc_hanh_chinh_mot_cua::recursive::chunk_17,147,"[Cẩm nang sức
khỏe](https://handbook.uet.vnu.edu.vn/C%E1%BA%A9m%20nang%20s%E1%BB%A9c%20kh%E1%BB%8Fe%20tinh%20th%E1%BA%A7n%20cho%20SV%20%281%29.pdf)"
thu_tuc_hanh_chinh_mot_cua,thu_tuc_hanh_chinh_mot_cua.md,recursive,Chunk 19,thu_tuc_hanh_chinh_mot_cua::recursive::chunk_18,157,"[Khảo sát
người học](https://ctsv.uet.vnu.edu.vn:4000/login)

[Thông tin liên hệ](https://handbook.uet.vnu.edu.vn/Th%C3%B4ng%20tin%20li%C3%AAn%20h%E1%BB%87/)"
thu_tuc_hanh_chinh_mot_cua,thu_tuc_hanh_chinh_mot_cua.md,recursive,Chunk 20,thu_tuc_hanh_chinh_mot_cua::recursive::chunk_19,83,## Sinh viên sử dụng tài khoản UETMAIL đăng nhập : <http://student.uet.vnu.edu.vn/>
thu_tuc_hanh_chinh_mot_cua,thu_tuc_hanh_chinh_mot_cua.md,recursive,Chunk 21,thu_tuc_hanh_chinh_mot_cua::recursive::chunk_20,188,"Đây là cổng thông tin một cửa giúp sinh viên tương tác với Phòng công tác sinh viên
thông qua bộ phận tiếp người học mà không cần đến trực tiếp (Giao tiếp Online): nộp hoặc xin các thủ tục"
thu_tuc_hanh_chinh_mot_cua,thu_tuc_hanh_chinh_mot_cua.md,recursive,Chunk 22,thu_tuc_hanh_chinh_mot_cua::recursive::chunk_21,157,"giấy tờ như: hồ sơ nhập học, giấy chứng nhận, bảng
điểm, các thủ tục ngừng nghỉ thôi học, thẻ sinh viên, thẻ xe buýt, thẻ ngân hàng, khai cập nhật thông
tin…"
thu_tuc_hanh_chinh_mot_cua,thu_tuc_hanh_chinh_mot_cua.md,recursive,Chunk 23,thu_tuc_hanh_chinh_mot_cua::recursive::chunk_22,194,"![](./Thủ tục hành chính một cửa_files/thutuc.jpg)

![](./Thủ tục hành chính một cửa_files/thutuchanhchinhmotcua.jpg)

Phòng 104-E3, 144 Xuân Thủy, Cầu Giấy, Hà Nội

Email: ctsv\_dhcn@vnu.edu.vn"
thu_tuc_hanh_chinh_mot_cua,thu_tuc_hanh_chinh_mot_cua.md,recursive,Chunk 24,thu_tuc_hanh_chinh_mot_cua::recursive::chunk_23,63,"ĐT: 02437548864

Biên tập: Phòng CTSV

Thiết kế: SV Trường ĐHCN"
